Id,Temperature (K),Pressure (kPa),Phase,N Components,Component 1,Role 1,Mole Fraction 1,Exact Amount 1,Component 2,Role 2,Mole Fraction 2,Exact Amount 2,Density Value (g / ml),Density Uncertainty (g / ml),Source
6315,298.15,101.325,Liquid,1,CO,Solvent,1.0,,,,,,0.7866000000000002,,10.1016/j.jct.2015.09.010
6316,298.15,101.325,Liquid,1,CCCCC,Solvent,1.0,,,,,,0.6208900000000002,,10.1016/j.fluid.2013.11.026
6317,298.15,101.325,Liquid,1,Cc1ccccc1Cl,Solvent,1.0,,,,,,1.0764700000000005,,10.1016/j.fluid.2014.01.019
6318,298.15,101.325,Liquid,1,Cn1ccnc1,Solvent,1.0,,,,,,1.0332000000000003,,10.1016/j.fluid.2009.02.011
6319,298.15,101.325,Liquid,1,CN1CCOCC1,Solvent,1.0,,,,,,0.9141500000000002,,10.1021/je200093f
6320,298.15,101.325,Liquid,1,CNCCO,Solvent,1.0,,,,,,0.93618,,10.1021/je1002626
6321,298.05,101.0,Liquid,1,BrCCCCCBr,Solvent,1.0,,,,,,1.6918700000000002,,10.1021/je060200b
6322,298.15,101.325,Liquid,1,CC(=O)c1ccccc1,Solvent,1.0,,,,,,1.0230000000000004,,10.1016/j.fluid.2006.09.014
6323,298.15,101.325,Liquid,1,CCN(CC)CC,Solvent,1.0,,,,,,0.7228140000000002,,10.1016/j.jct.2013.09.026
6324,298.15,101.325,Liquid,1,CC(C)(C)O,Solvent,1.0,,,,,,0.7805660000000002,,10.1016/j.fluid.2014.06.005
6325,298.15,101.325,Liquid,1,COC(C)=O,Solvent,1.0,,,,,,0.9270100000000002,,10.1021/je9005618
6326,298.15,101.325,Liquid,1,CC(=O)N(C)C,Solvent,1.0,,,,,,0.9363,,10.1016/j.jct.2004.11.015
6327,298.15,101.325,Liquid,1,CNc1ccccc1,Solvent,1.0,,,,,,0.9822000000000004,,10.1021/je401098b
6328,298.15,101.325,Liquid,1,C1CCCCC1,Solvent,1.0,,,,,,0.7738000000000002,,10.1016/j.fluid.2013.10.033
6329,298.15,101.325,Liquid,1,c1cc[nH]c1,Solvent,1.0,,,,,,0.9659000000000002,,10.1021/je8006265
6330,298.15,101.325,Liquid,1,c1ccncc1,Solvent,1.0,,,,,,0.9828500000000002,,10.1016/j.fluid.2015.04.031
6331,298.15,101.325,Liquid,1,CN(C)C=O,Solvent,1.0,,,,,,0.94381,,10.1021/je049953t
6332,298.15,101.325,Liquid,1,CC(=O)C(C)C,Solvent,1.0,,,,,,0.7995500000000001,,10.1016/j.fluid.2013.01.020
6333,298.15,101.325,Liquid,1,NCCO,Solvent,1.0,,,,,,1.0117900000000002,,10.1016/j.fluid.2015.06.041
6334,298.15,101.325,Liquid,1,OCCNCCO,Solvent,1.0,,,,,,1.0932210000000002,,10.1021/je300938w
6335,298.15,101.325,Liquid,1,OCCN(CCO)CCO,Solvent,1.0,,,,,,1.1209900000000004,,10.1021/je900064e
6336,298.15,101.325,Liquid,1,C1CCNCC1,Solvent,1.0,,,,,,0.8646000000000003,,10.1016/j.fluid.2009.10.018
6337,298.15,101.0,Liquid,1,BrCCBr,Solvent,1.0,,,,,,2.1691370000000005,,10.1007/s10765-010-0874-x
6338,298.15,101.325,Liquid,1,CC1CCCCC1,Solvent,1.0,,,,,,0.7650200000000001,,10.1016/j.fluid.2013.10.033
6339,298.15,101.325,Liquid,1,CC(C)CC(C)(C)C,Solvent,1.0,,,,,,0.6879000000000002,,10.1016/j.fluid.2012.06.031
6340,298.15,101.325,Liquid,1,COc1ccccc1,Solvent,1.0,,,,,,0.9893000000000002,,10.1021/je050085p
6341,298.15,101.325,Liquid,1,CCOC=O,Solvent,1.0,,,,,,0.91417,,10.1016/j.jct.2005.03.020
6342,298.15,101.325,Liquid,1,OC1=NCCC1,Solvent,1.0,,,,,,0.9942800000000002,,10.1007/s10765-010-0717-9
6343,298.15,101.325,Liquid,1,Cc1ccccc1N,Solvent,1.0,,,,,,0.9942800000000002,,10.1016/j.tca.2008.06.004
6344,298.15,101.325,Liquid,1,CNC=O,Solvent,1.0,,,,,,0.9988000000000002,,10.1021/je050209y
6345,298.15,101.325,Liquid,1,OCCN1CCOCC1,Solvent,1.0,,,,,,1.0713,,10.1016/j.jct.2007.11.010
6346,298.15,101.325,Liquid,1,C1COCO1,Solvent,1.0,,,,,,1.0590000000000002,,10.1016/j.fluid.2007.05.013
6347,298.15,101.325,Liquid,1,CN1CCCC1=O,Solvent,1.0,,,,,,1.0282300000000002,,10.1016/j.tca.2013.04.011
6348,297.98,101.325,Liquid,1,BrCCCBr,Solvent,1.0,,,,,,1.9702200000000003,,10.1007/s10765-009-0610-6
6349,295.15,101.325,Liquid,1,BrCCCCBr,Solvent,1.0,,,,,,1.8194400000000004,,10.1016/j.jct.2005.07.009
6350,298.15,101.325,Liquid,1,CN1CCNCC1,Solvent,1.0,,,,,,0.8998000000000002,,10.1016/j.fluid.2005.05.012
6351,298.15,101.325,Liquid,1,Cc1ccccn1,Solvent,1.0,,,,,,0.9398000000000002,,10.1016/j.jct.2004.11.015
6352,298.15,101.325,Liquid,1,Cc1cccnc1,Solvent,1.0,,,,,,0.9526100000000004,,10.1021/je200093f
6353,298.15,101.325,Liquid,1,CC(C)CCl,Solvent,1.0,,,,,,0.8715330000000002,,10.1016/j.jct.2012.02.039
6354,298.15,101.325,Liquid,1,CC(C)OC(C)C,Solvent,1.0,,,,,,0.7182300000000001,,10.1016/j.fluid.2013.01.020
6355,298.15,101.325,Liquid,1,CC(C)(C)Cl,Solvent,1.0,,,,,,0.8370960000000002,,10.1016/j.jct.2012.02.039
6356,298.15,101.325,Liquid,1,Cc1ccncc1,Solvent,1.0,,,,,,0.9498700000000002,,10.1021/je200093f
6357,298.15,101.325,Liquid,1,O=C1CCCCCC1,Solvent,1.0,,,,,,0.9476200000000002,,10.1021/acs.jced.6b00606
6358,298.15,101.325,Liquid,1,CC(=O)C(C)=O,Solvent,1.0,,,,,,0.9855000000000004,,10.1021/je300280s
6359,298.15,101.325,Liquid,1,CC/C=C\CCO,Solvent,1.0,,,,,,0.8486400000000002,,10.1021/je300280s
6360,298.15,101.325,Liquid,1,OCC(O)CO,Solvent,1.0,,,,,,1.2585200000000003,,10.1016/j.fluid.2014.06.015
6361,298.15,101.325,Liquid,1,COC=O,Solvent,1.0,,,,,,0.9663800000000002,,10.1021/je200974r
6362,298.15,101.325,Liquid,1,c1ccccc1,Solvent,1.0,,,,,,0.8735700000000003,,10.1016/j.fluid.2013.10.033
6363,298.15,101.325,Liquid,1,COC(C)(C)C,Solvent,1.0,,,,,,0.7359900000000001,,10.1016/j.jct.2005.07.017
6364,298.15,101.325,Liquid,1,CCOC(=O)CC(=O)OCC,Solvent,1.0,,,,,,1.0496030000000005,,10.1021/je9003806
6365,298.15,101.325,Liquid,1,OCc1ccccc1,Solvent,1.0,,,,,,1.0414000000000003,,10.1021/je049591p
6366,298.15,101.325,Liquid,1,ClCCCl,Solvent,1.0,,,,,,1.2463700000000002,,10.1016/j.fluid.2015.06.041
6367,298.15,101.325,Liquid,1,ClCCCCCl,Solvent,1.0,,,,,,1.13332,,10.1016/j.jct.2005.03.020
6368,298.15,101.325,Liquid,1,Nc1ccccc1,Solvent,1.0,,,,,,1.0173,,10.1016/j.fluid.2010.08.010
6369,298.15,101.325,Liquid,1,CCCCBr,Solvent,1.0,,,,,,1.26683,,10.1021/je0501235
6370,298.15,101.325,Liquid,1,Clc1ccccc1,Solvent,1.0,,,,,,1.1008000000000002,,10.1021/je020186c
6371,298.15,101.325,Liquid,1,O=Cc1ccccc1,Solvent,1.0,,,,,,1.0442000000000002,,10.1016/j.jct.2009.02.007
6372,298.15,101.325,Liquid,1,C=C(C)[C@H]1CC=C(C)CC1,Solvent,1.0,,,,,,0.8386800000000002,,10.1021/je1011339
6373,298.15,101.325,Liquid,1,CCOC(C)(C)CC,Solvent,1.0,,,,,,0.7605700000000002,,10.1016/j.fluid.2005.04.003
6374,298.15,101.325,Liquid,1,NCCNCCN,Solvent,1.0,,,,,,0.9455480000000004,,10.1016/j.tca.2011.06.003
6375,298.15,101.325,Liquid,1,CN(C)CCCO,Solvent,1.0,,,,,,0.8808170000000002,,10.1021/acs.jced.7b00042
6376,298.15,101.325,Liquid,1,CN1CCCCC1,Solvent,1.0,,,,,,0.8126200000000002,,10.1021/je200093f
6377,298.15,101.325,Liquid,1,Cc1cccc(C)n1,Solvent,1.0,,,,,,0.9181900000000004,,10.1021/je200093f
6378,298.15,101.325,Liquid,1,C1CCCC1,Solvent,1.0,,,,,,0.7400000000000002,,10.1021/je8009336
6379,298.15,101.325,Liquid,1,CCCCOC(=O)CCC,Solvent,1.0,,,,,,0.8691400000000002,,10.1021/je050001c
6380,298.0,101.325,Liquid,1,NCCCNCCCN,Solvent,1.0,,,,,,0.9273600000000002,,10.1021/acs.jced.5b00922
6381,298.15,101.325,Liquid,1,CC1(C)C(=O)[C@]2(C)CC[C@H]1C2,Solvent,1.0,,,,,,0.9406700000000002,,10.1016/j.jct.2015.04.034
6382,298.15,101.325,Liquid,1,C=CCCCC,Solvent,1.0,,,,,,0.6693400000000002,,10.1021/acs.jced.6b00905
6383,298.15,101.325,Liquid,1,C1COCCN1,Solvent,1.0,,,,,,0.9960000000000002,,10.1021/je020191g
6384,298.15,101.325,Liquid,1,ClCCCCl,Solvent,1.0,,,,,,1.1783400000000002,,10.1016/j.jct.2005.03.020
6385,298.15,101.0,Liquid,2,CN1CCCCC1,Solvent,0.2452,,O,Solvent,0.7548,,0.9038110000000004,,10.1016/j.fluid.2010.05.001
6386,298.15,101.0,Liquid,2,CN1CCCCC1,Solvent,0.505,,O,Solvent,0.495,,0.8581580000000002,,10.1016/j.fluid.2010.05.001
6387,298.15,101.0,Liquid,2,CN1CCCCC1,Solvent,0.7907,,O,Solvent,0.2093,,0.8260470000000002,,10.1016/j.fluid.2010.05.001
6388,298.15,101.3,Liquid,2,CN(C)CCO,Solvent,0.26433,,O,Solvent,0.73567,,0.9590000000000002,,10.1021/acs.jced.6b00888
6389,298.15,101.3,Liquid,2,CN(C)CCO,Solvent,0.5077,,O,Solvent,0.4923,,0.9237220000000002,,10.1016/j.jct.2004.11.016
6390,298.15,101.3,Liquid,2,CN(C)CCO,Solvent,0.7652,,O,Solvent,0.2348,,0.8989030000000002,,10.1016/j.jct.2004.11.016
6394,298.15,101.0,Liquid,2,CCN(CC)CCO,Solvent,0.19329,,O,Solvent,0.80671,,0.9615690000000002,,10.1021/je301371p
6398,298.15,101.0,Liquid,2,Cn1ccnc1,Solvent,0.2167,,O,Solvent,0.7833,,1.0301000000000002,,10.1016/j.jct.2012.06.015
6399,298.15,101.0,Liquid,2,Cn1ccnc1,Solvent,0.4982,,O,Solvent,0.5018,,1.0416,,10.1016/j.jct.2012.06.015
6400,298.15,101.0,Liquid,2,Cn1ccnc1,Solvent,0.7795,,O,Solvent,0.2205,,1.0360000000000005,,10.1016/j.jct.2012.06.015
6401,298.14,101.325,Liquid,2,CN(CCO)CCO,Solvent,0.2571,,O,Solvent,0.7429,,1.0522550000000004,,10.1021/je030120x
6402,298.15,101.325,Liquid,2,CN(CCO)CCO,Solvent,0.4849,,O,Solvent,0.5151,,1.048636,,10.1021/je030120x
6403,298.15,101.325,Liquid,2,CN(CCO)CCO,Solvent,0.743,,O,Solvent,0.257,,1.0405100000000005,,10.1021/je030120x
6407,298.15,101.0,Liquid,2,CNCCO,Solvent,0.1987,,O,Solvent,0.8013,,0.9960300000000002,,10.1021/je060457+
6408,298.15,101.0,Liquid,2,CNCCO,Solvent,0.5041,,O,Solvent,0.4959,,0.9688100000000002,,10.1021/je060457+
6409,298.15,101.0,Liquid,2,CNCCO,Solvent,0.8009,,O,Solvent,0.1991,,0.9466300000000002,,10.1021/je060457+
6413,298.15,100.0,Liquid,2,O,Solvent,0.7144,,OCCNCCO,Solvent,0.2856,,1.0810000000000002,,10.1021/je300345m
6414,298.15,100.0,Liquid,2,O,Solvent,0.5933,,OCCNCCO,Solvent,0.4067,,1.0880000000000003,,10.1021/je300345m
6415,293.15,101.0,Liquid,2,O,Solvent,0.299958,,OCCNCCO,Solvent,0.700042,,1.0963670000000003,,10.1016/j.tca.2012.01.007
6419,298.15,101.3,Liquid,2,O,Solvent,0.892217,,OCCN(CCO)CCO,Solvent,0.107783,,1.0747210000000005,,10.1021/je050463q
6423,298.15,101.0,Liquid,2,CC(C)CC(C)(C)C,Solvent,0.5009,,CC(C)OC(C)C,Solvent,0.4991,,0.7005900000000002,,10.1021/je2011314
6424,298.15,100.8,Liquid,2,CC(C)CC(C)(C)C,Solvent,0.75,,CC(C)OC(C)C,Solvent,0.25,,0.6937500000000002,,10.1021/je050367p
6425,298.15,100.8,Liquid,2,CC(C)CC(C)(C)C,Solvent,0.25,,CC(C)OC(C)C,Solvent,0.75,,0.7090800000000002,,10.1021/je050367p
6429,298.15,101.0,Liquid,2,O,Solvent,0.699,,OCCOCCO,Solvent,0.301,,1.0958900000000005,,10.1021/je700672f
6430,298.15,101.0,Liquid,2,O,Solvent,0.4994,,OCCOCCO,Solvent,0.5006,,1.1070700000000002,,10.1021/je700672f
6431,298.15,101.0,Liquid,2,O,Solvent,0.2997,,OCCOCCO,Solvent,0.7003,,1.1111900000000003,,10.1021/je700672f
6435,298.15,101.0,Liquid,2,CC(C)O,Solvent,0.231278,,O,Solvent,0.768722,,0.9013100000000002,,10.1021/je201010s
6436,298.15,101.0,Liquid,2,CC(C)O,Solvent,0.764357,,O,Solvent,0.235643,,0.8030100000000002,,10.1021/je201010s
6437,298.15,101.0,Liquid,2,CC(C)O,Solvent,0.4981,,O,Solvent,0.5019,,0.8388000000000001,,10.1021/je700700f
6441,298.15,101.0,Liquid,2,CCC(C)(C)O,Solvent,0.2584,,CCO,Solvent,0.7416,,0.7933000000000001,,10.1021/je050416y
6442,298.15,101.0,Liquid,2,CCC(C)(C)O,Solvent,0.5495,,CCO,Solvent,0.4505,,0.8018000000000002,,10.1021/je050416y
6443,298.15,101.0,Liquid,2,CCC(C)(C)O,Solvent,0.6765,,CCO,Solvent,0.3235,,0.8048000000000002,,10.1021/je050416y
6447,298.15,101.33,Liquid,2,c1cc[nH]c1,Solvent,0.7554,,c1ccncc1,Solvent,0.2446,,0.9676900000000004,,10.1016/j.fluid.2013.10.029
6448,298.15,101.33,Liquid,2,c1cc[nH]c1,Solvent,0.5426,,c1ccncc1,Solvent,0.4574,,0.9706400000000002,,10.1016/j.fluid.2013.10.029
6449,298.15,101.33,Liquid,2,c1cc[nH]c1,Solvent,0.2273,,c1ccncc1,Solvent,0.7727,,0.9755600000000002,,10.1016/j.fluid.2013.10.029
6453,298.15,101.3,Liquid,2,O,Solvent,0.2552,,OC1=NCCC1,Solvent,0.7448,,1.1044310000000004,,10.1021/je0340809
6454,298.15,101.3,Liquid,2,O,Solvent,0.5,,OC1=NCCC1,Solvent,0.5,,1.0977070000000004,,10.1021/je0340809
6455,298.15,101.3,Liquid,2,O,Solvent,0.7532,,OC1=NCCC1,Solvent,0.2468,,1.077068,,10.1021/je0340809
6459,303.15,101.0,Liquid,2,C1CCCCC1,Solvent,0.2275,,CN1CCCC1=O,Solvent,0.7725,,0.9583800000000002,,10.1016/j.jct.2006.06.005
6460,303.15,101.0,Liquid,2,C1CCCCC1,Solvent,0.5409,,CN1CCCC1=O,Solvent,0.4591,,0.8757100000000002,,10.1016/j.jct.2006.06.005
6461,303.15,101.0,Liquid,2,C1CCCCC1,Solvent,0.7332,,CN1CCCC1=O,Solvent,0.2668,,0.8287300000000002,,10.1016/j.jct.2006.06.005
6465,303.15,101.0,Liquid,2,CN1CCCC1=O,Solvent,0.2524,,c1ccccc1,Solvent,0.7476,,0.9163300000000004,,10.1016/j.jct.2006.06.005
6466,293.15,101.0,Liquid,2,CN1CCCC1=O,Solvent,0.5135,,c1ccccc1,Solvent,0.4865,,0.9684700000000004,,10.1016/j.jct.2006.05.006
6467,298.15,101.0,Liquid,2,CN1CCCC1=O,Solvent,0.937492,,c1ccccc1,Solvent,0.062508,,1.0204500000000003,,10.1016/j.fluid.2008.11.006
6471,303.15,101.0,Liquid,2,CN1CCCC1=O,Solvent,0.4815,,Cc1ccccc1,Solvent,0.5185,,0.9415400000000002,,10.1016/j.jct.2006.06.005
6472,293.15,101.0,Liquid,2,CN1CCCC1=O,Solvent,0.2216,,Cc1ccccc1,Solvent,0.7784,,0.9061600000000002,,10.1016/j.jct.2006.05.006
6473,303.15,101.0,Liquid,2,CN1CCCC1=O,Solvent,0.7564,,Cc1ccccc1,Solvent,0.2436,,0.9854500000000004,,10.1016/j.jct.2006.05.006
6477,298.15,101.0,Liquid,2,CC(=O)CC(C)C,Solvent,0.2017,,CCC(C)(C)O,Solvent,0.7983,,0.8030000000000002,,10.1021/je300678r
6478,298.15,101.0,Liquid,2,CC(=O)CC(C)C,Solvent,0.5008,,CCC(C)(C)O,Solvent,0.4992,,0.7987300000000002,,10.1021/je300678r
6479,298.15,101.0,Liquid,2,CC(=O)CC(C)C,Solvent,0.7009,,CCC(C)(C)O,Solvent,0.2991,,0.7968700000000002,,10.1021/je300678r
6483,298.15,101.0,Liquid,2,C1CCNCC1,Solvent,0.75,,O,Solvent,0.25,,0.8771300000000002,,10.1016/j.jct.2007.05.009
6484,298.15,101.0,Liquid,2,C1CCNCC1,Solvent,0.5,,O,Solvent,0.5,,0.90329,,10.1016/j.jct.2007.05.009
6485,298.15,101.0,Liquid,2,C1CCNCC1,Solvent,0.25,,O,Solvent,0.75,,0.9379600000000002,,10.1016/j.jct.2007.05.009
6489,298.15,101.0,Liquid,2,CN1CCNCC1,Solvent,0.2091,,O,Solvent,0.7909,,1.0013300000000005,,10.1016/j.jct.2011.06.020
6490,298.15,101.0,Liquid,2,CN1CCNCC1,Solvent,0.5109,,O,Solvent,0.4891,,0.9464100000000002,,10.1016/j.jct.2011.06.020
6491,298.15,101.0,Liquid,2,CN1CCNCC1,Solvent,0.7065,,O,Solvent,0.2935,,0.9223100000000002,,10.1016/j.jct.2011.06.020
6495,298.15,101.0,Liquid,2,C1CCOCC1,Solvent,0.7279,,Cc1ccccc1N,Solvent,0.2721,,0.91866,,10.1016/j.tca.2011.06.020
6496,298.15,101.0,Liquid,2,C1CCOCC1,Solvent,0.4986,,Cc1ccccc1N,Solvent,0.5014,,0.9459860000000002,,10.1016/j.tca.2011.06.020
6497,298.15,101.0,Liquid,2,C1CCOCC1,Solvent,0.2297,,Cc1ccccc1N,Solvent,0.7703,,0.9734540000000002,,10.1016/j.tca.2011.06.020
6501,298.15,101.0,Liquid,2,CNC=O,Solvent,0.5198,,Cc1ccccc1N,Solvent,0.4802,,1.0015600000000002,,10.1016/j.tca.2011.06.020
6502,298.15,101.0,Liquid,2,CNC=O,Solvent,0.2756,,Cc1ccccc1N,Solvent,0.7244,,0.9991050000000002,,10.1016/j.tca.2011.06.020
6503,308.15,101.0,Liquid,2,CNC=O,Solvent,0.7211,,Cc1ccccc1N,Solvent,0.2789,,0.9935880000000002,,10.1016/j.tca.2011.06.020
6507,298.15,101.0,Liquid,2,C1CCOCC1,Solvent,0.2633,,CNC=O,Solvent,0.7367,,0.9563590000000004,,10.1016/j.tca.2011.06.020
6508,298.15,101.0,Liquid,2,C1CCOCC1,Solvent,0.5122,,CNC=O,Solvent,0.4878,,0.9250360000000002,,10.1016/j.tca.2011.06.020
6509,298.15,101.0,Liquid,2,C1CCOCC1,Solvent,0.7315,,CNC=O,Solvent,0.2685,,0.9023610000000002,,10.1016/j.tca.2011.06.020
6513,298.15,101.0,Liquid,2,C1CCCCC1,Solvent,0.4793,,CCCCCC,Solvent,0.5207,,0.7105500000000001,,10.1016/j.jct.2005.02.006
6514,298.15,101.0,Liquid,2,C1CCCCC1,Solvent,0.2343,,CCCCCC,Solvent,0.7657,,0.6838300000000002,,10.1016/j.jct.2005.02.006
6515,298.15,101.0,Liquid,2,C1CCCCC1,Solvent,0.7543,,CCCCCC,Solvent,0.2457,,0.7392000000000002,,10.1007/s10765-005-5572-8
6519,298.15,101.0,Liquid,2,C1CCCCC1,Solvent,0.2498,,CCCCCCCC,Solvent,0.7502,,0.7110900000000002,,10.1016/j.jct.2005.02.006
6520,298.15,101.0,Liquid,2,C1CCCCC1,Solvent,0.4777,,CCCCCCCC,Solvent,0.5223,,0.7250300000000002,,10.1016/j.jct.2005.02.006
6521,298.15,101.0,Liquid,2,C1CCCCC1,Solvent,0.7961,,CCCCCCCC,Solvent,0.2039,,0.7509700000000002,,10.1016/j.jct.2005.02.006
6525,298.15,101.0,Liquid,2,CC(C)CC(C)(C)C,Solvent,0.73596,,CCO,Solvent,0.26404,,0.6967900000000001,,10.1016/j.jct.2011.06.021
6526,298.15,101.0,Liquid,2,CC(C)CC(C)(C)C,Solvent,0.49374,,CCO,Solvent,0.50626,,0.7110500000000001,,10.1016/j.jct.2011.06.021
6527,303.15,101.0,Liquid,2,CC(C)CC(C)(C)C,Solvent,0.0824,,CCO,Solvent,0.9176,,0.7605800000000003,,10.1021/je9001416
6531,298.15,101.0,Liquid,2,C1CCCCC1,Solvent,0.4996,,c1ccccc1,Solvent,0.5004,,0.8136000000000002,,10.1021/je900468u
6532,298.15,101.0,Liquid,2,C1CCCCC1,Solvent,0.2498,,c1ccccc1,Solvent,0.7502,,0.8405780000000002,,10.1016/j.tca.2012.04.002
6533,298.15,101.0,Liquid,2,C1CCCCC1,Solvent,0.7323,,c1ccccc1,Solvent,0.2677,,0.7929200000000002,,10.1016/j.tca.2012.04.002
6537,298.15,100.0,Liquid,2,C1CCCCC1,Solvent,0.7622,,C1CCOCC1,Solvent,0.2378,,0.7952000000000002,,10.1016/j.jct.2014.06.030
6538,298.15,100.0,Liquid,2,C1CCCCC1,Solvent,0.5018,,C1CCOCC1,Solvent,0.4982,,0.8211500000000002,,10.1016/j.jct.2014.06.030
6539,298.15,100.0,Liquid,2,C1CCCCC1,Solvent,0.2659,,C1CCOCC1,Solvent,0.7341,,0.8470300000000002,,10.1016/j.jct.2014.06.030
6543,298.15,101.0,Liquid,2,BrCCBr,Solvent,0.7506,,CCOC=O,Solvent,0.2494,,1.8698300000000003,,10.1016/j.jct.2005.07.009
6544,298.15,101.0,Liquid,2,BrCCBr,Solvent,0.5107,,CCOC=O,Solvent,0.4893,,1.5742900000000004,,10.1016/j.jct.2005.07.009
6545,298.15,101.0,Liquid,2,BrCCBr,Solvent,0.2825,,CCOC=O,Solvent,0.7175,,1.2851500000000005,,10.1016/j.jct.2005.07.009
6549,298.15,101.0,Liquid,2,CCCCO,Solvent,0.75098,,OCCO,Solvent,0.24902,,0.8572100000000002,,10.1021/je700580g
6550,298.15,101.0,Liquid,2,CCCCO,Solvent,0.46528,,OCCO,Solvent,0.53472,,0.9322200000000004,,10.1021/je700580g
6551,298.15,101.0,Liquid,2,CCCCO,Solvent,0.2247,,OCCO,Solvent,0.7753,,1.0138600000000002,,10.1021/je700580g
6555,298.15,101.0,Liquid,2,NCCO,Solvent,0.78535,,c1ccncc1,Solvent,0.21465,,1.002592,,10.1021/je400184t
6556,298.15,101.0,Liquid,2,NCCO,Solvent,0.55864,,c1ccncc1,Solvent,0.44136,,0.9936870000000002,,10.1021/je400184t
6557,298.15,101.0,Liquid,2,NCCO,Solvent,0.21001,,c1ccncc1,Solvent,0.78999,,0.9825660000000004,,10.1021/je400184t
6561,298.15,101.0,Liquid,2,CN(CCO)CCO,Solvent,0.67,,c1ccncc1,Solvent,0.33,,1.0161020000000005,,10.1021/je400184t
6562,298.15,101.0,Liquid,2,CN(CCO)CCO,Solvent,0.47353,,c1ccncc1,Solvent,0.52647,,1.0044450000000005,,10.1021/je400184t
6563,298.15,101.0,Liquid,2,CN(CCO)CCO,Solvent,0.23126,,c1ccncc1,Solvent,0.76874,,0.9906030000000002,,10.1021/je400184t
6567,293.15,101.325,Liquid,2,Cc1cccnc1,Solvent,0.225,,O,Solvent,0.775,,0.9921000000000002,,10.1016/j.jct.2004.11.009
6568,293.15,101.325,Liquid,2,Cc1cccnc1,Solvent,0.5,,O,Solvent,0.5,,0.9797000000000002,,10.1016/j.jct.2004.11.009
6569,293.15,101.325,Liquid,2,Cc1cccnc1,Solvent,0.7,,O,Solvent,0.3,,0.9690000000000002,,10.1016/j.jct.2004.11.009
6570,298.15,101.0,Liquid,2,CC(=O)c1ccccc1,Solvent,0.2517,,CC(C)O,Solvent,0.7483,,0.8654400000000002,,10.1021/je9005823
6571,298.15,101.0,Liquid,2,CC(=O)c1ccccc1,Solvent,0.5345,,CC(C)O,Solvent,0.4655,,0.9375600000000002,,10.1021/je9005823
6572,298.15,101.0,Liquid,2,CC(=O)c1ccccc1,Solvent,0.7561,,CC(C)O,Solvent,0.2439,,0.9823500000000004,,10.1021/je9005823
6576,298.15,101.0,Liquid,2,C1COCO1,Solvent,0.7266,,Cc1ccccc1Cl,Solvent,0.2734,,1.0652000000000004,,10.1021/je400722h
6577,298.15,101.0,Liquid,2,C1COCO1,Solvent,0.5169,,Cc1ccccc1Cl,Solvent,0.4831,,1.0694000000000004,,10.1021/je400722h
6578,308.15,101.0,Liquid,2,C1COCO1,Solvent,0.2685,,Cc1ccccc1Cl,Solvent,0.7315,,1.0630000000000002,,10.1021/je400722h
6582,298.15,101.0,Liquid,2,C1COCCO1,Solvent,0.5136,,Cc1ccccc1Cl,Solvent,0.4864,,1.0536,,10.1021/je400722h
6583,298.15,101.0,Liquid,2,C1COCCO1,Solvent,0.2263,,Cc1ccccc1Cl,Solvent,0.7737,,1.0674000000000003,,10.1021/je400722h
6584,308.15,101.0,Liquid,2,C1COCCO1,Solvent,0.8357,,Cc1ccccc1Cl,Solvent,0.1643,,1.0256,,10.1021/je400722h
6588,298.15,101.0,Liquid,2,C1CCOCC1,Solvent,0.7658,,Cc1ccccc1Cl,Solvent,0.2342,,0.9336500000000002,,10.1021/je400722h
6589,298.15,101.0,Liquid,2,C1CCOCC1,Solvent,0.4784,,Cc1ccccc1Cl,Solvent,0.5216,,0.9931600000000002,,10.1021/je400722h
6590,298.15,101.0,Liquid,2,C1CCOCC1,Solvent,0.2263,,Cc1ccccc1Cl,Solvent,0.7737,,1.0396,,10.1021/je400722h
6594,298.15,101.0,Liquid,2,C1CCOCC1,Solvent,0.2415,,c1ccncc1,Solvent,0.7585,,0.9525650000000004,,10.1016/j.tca.2011.02.002
6595,308.15,101.0,Liquid,2,C1CCOCC1,Solvent,0.5364,,c1ccncc1,Solvent,0.4636,,0.9124250000000002,,10.1016/j.tca.2011.02.002
6596,308.15,101.0,Liquid,2,C1CCOCC1,Solvent,0.7336,,c1ccncc1,Solvent,0.2664,,0.8933350000000002,,10.1016/j.tca.2011.02.002
6600,298.15,101.0,Liquid,2,C1CCOCC1,Solvent,0.2373,,Cc1ccccn1,Solvent,0.7627,,0.9261620000000004,,10.1016/j.tca.2011.02.002
6601,298.15,101.0,Liquid,2,C1CCOCC1,Solvent,0.4916,,Cc1ccccn1,Solvent,0.5084,,0.910915,,10.1016/j.tca.2011.02.002
6602,308.15,101.0,Liquid,2,C1CCOCC1,Solvent,0.8219,,Cc1ccccn1,Solvent,0.1781,,0.8802920000000002,,10.1016/j.tca.2011.02.002
6606,298.15,101.0,Liquid,2,C1CCOCC1,Solvent,0.2461,,Cc1cccnc1,Solvent,0.7539,,0.9348570000000002,,10.1016/j.tca.2011.02.002
6607,298.15,101.0,Liquid,2,C1CCOCC1,Solvent,0.4827,,Cc1cccnc1,Solvent,0.5173,,0.9179640000000002,,10.1016/j.tca.2011.02.002
6608,298.15,101.0,Liquid,2,C1CCOCC1,Solvent,0.7568,,Cc1cccnc1,Solvent,0.2432,,0.8976640000000002,,10.1016/j.tca.2011.02.002
6612,298.15,101.0,Liquid,2,C1CCOCC1,Solvent,0.2536,,Cc1ccncc1,Solvent,0.7464,,0.9329390000000002,,10.1016/j.tca.2011.02.002
6613,298.15,101.0,Liquid,2,C1CCOCC1,Solvent,0.4913,,Cc1ccncc1,Solvent,0.5087,,0.9162950000000002,,10.1016/j.tca.2011.02.002
6614,308.15,101.0,Liquid,2,C1CCOCC1,Solvent,0.8263,,Cc1ccncc1,Solvent,0.1737,,0.8827950000000002,,10.1016/j.tca.2011.02.002
6618,298.15,101.0,Liquid,2,CC(C)OC(C)C,Solvent,0.2004,,Cc1ccccc1,Solvent,0.7996,,0.8299700000000002,,10.1016/j.fluid.2008.06.019
6619,298.15,101.0,Liquid,2,CC(C)OC(C)C,Solvent,0.5003,,Cc1ccccc1,Solvent,0.4997,,0.7849200000000002,,10.1016/j.fluid.2008.06.019
6620,298.15,101.0,Liquid,2,CC(C)OC(C)C,Solvent,0.7004,,Cc1ccccc1,Solvent,0.2996,,0.7573100000000001,,10.1016/j.fluid.2008.06.019
6624,298.15,101.3,Liquid,2,CC(C)OC(C)C,Solvent,0.8082,,CCCCCl,Solvent,0.1918,,0.7440910000000002,,10.1007/s10765-010-0737-5
6625,298.15,101.3,Liquid,2,CC(C)OC(C)C,Solvent,0.484,,CCCCCl,Solvent,0.516,,0.7925060000000002,,10.1007/s10765-010-0737-5
6626,298.15,101.3,Liquid,2,CC(C)OC(C)C,Solvent,0.2846,,CCCCCl,Solvent,0.7154,,0.8263210000000002,,10.1007/s10765-010-0737-5
6630,298.15,101.3,Liquid,2,CC(C)CCl,Solvent,0.5137,,CC(C)OC(C)C,Solvent,0.4863,,0.7878250000000002,,10.1007/s10765-010-0737-5
6631,298.15,101.3,Liquid,2,CC(C)CCl,Solvent,0.8059,,CC(C)OC(C)C,Solvent,0.1941,,0.8355300000000002,,10.1007/s10765-010-0737-5
6632,298.15,101.0,Liquid,2,CC(C)CCl,Solvent,0.091,,CC(C)OC(C)C,Solvent,0.909,,0.7293950000000001,,10.1021/je100765j
6636,298.15,101.3,Liquid,2,CC(C)(C)Cl,Solvent,0.1991,,CC(C)OC(C)C,Solvent,0.8009,,0.7376660000000003,,10.1007/s10765-010-0737-5
6637,298.15,101.3,Liquid,2,CC(C)(C)Cl,Solvent,0.5148,,CC(C)OC(C)C,Solvent,0.4852,,0.7723510000000002,,10.1007/s10765-010-0737-5
6638,298.15,101.3,Liquid,2,CC(C)(C)Cl,Solvent,0.7152,,CC(C)OC(C)C,Solvent,0.2848,,0.7971450000000002,,10.1007/s10765-010-0737-5
6642,298.15,101.0,Liquid,2,Cc1ccncc1,Solvent,0.225,,O,Solvent,0.775,,0.9848000000000002,,10.1021/je8008182
6643,298.15,101.0,Liquid,2,Cc1ccncc1,Solvent,0.5,,O,Solvent,0.5,,0.9704000000000004,,10.1021/je8008182
6644,298.15,101.0,Liquid,2,Cc1ccncc1,Solvent,0.75,,O,Solvent,0.25,,0.9614000000000004,,10.1021/je8008182
6645,298.15,101.0,Liquid,2,C1CCCCC1,Solvent,0.6997,,C1COCCO1,Solvent,0.3003,,0.8305800000000002,,10.1016/j.jct.2005.09.004
6646,298.15,101.0,Liquid,2,C1CCCCC1,Solvent,0.4994,,C1COCCO1,Solvent,0.5006,,0.8769800000000002,,10.1016/j.jct.2005.09.004
6647,298.15,101.0,Liquid,2,C1CCCCC1,Solvent,0.2972,,C1COCCO1,Solvent,0.7028,,0.9312200000000004,,10.1016/j.jct.2005.09.004
6651,298.15,100.0,Liquid,2,C1CCOCC1,Solvent,0.2471,,O=C1CCCCC1,Solvent,0.7529,,0.9305900000000004,,10.1021/acs.jced.6b00606
6652,298.15,100.0,Liquid,2,C1CCOCC1,Solvent,0.5009,,O=C1CCCCC1,Solvent,0.4991,,0.9160300000000002,,10.1021/acs.jced.6b00606
6653,298.15,100.0,Liquid,2,C1CCOCC1,Solvent,0.7389,,O=C1CCCCC1,Solvent,0.2611,,0.9000800000000002,,10.1021/acs.jced.6b00606
6657,298.15,100.0,Liquid,2,C1COCCO1,Solvent,0.2523,,O=C1CCCCC1,Solvent,0.7477,,0.9594500000000002,,10.1021/acs.jced.6b00606
6658,298.15,100.0,Liquid,2,C1COCCO1,Solvent,0.4875,,O=C1CCCCC1,Solvent,0.5125,,0.9775400000000002,,10.1021/acs.jced.6b00606
6659,298.15,100.0,Liquid,2,C1COCCO1,Solvent,0.7682,,O=C1CCCCC1,Solvent,0.2318,,1.0030000000000003,,10.1021/acs.jced.6b00606
6663,298.15,100.0,Liquid,2,C1COCCO1,Solvent,0.2555,,O=C1CCCCCC1,Solvent,0.7445,,0.9616800000000002,,10.1021/acs.jced.6b00606
6664,298.15,100.0,Liquid,2,C1COCCO1,Solvent,0.7489,,O=C1CCCCCC1,Solvent,0.2511,,0.9994100000000002,,10.1021/acs.jced.6b00606
6665,308.15,100.0,Liquid,2,C1COCCO1,Solvent,0.5723,,O=C1CCCCCC1,Solvent,0.4277,,0.9737000000000002,,10.1021/acs.jced.6b00606
6669,298.15,101.0,Liquid,2,BrCCBr,Solvent,0.749,,COC=O,Solvent,0.251,,1.9319600000000008,,10.1016/j.jct.2006.05.004
6670,298.15,101.0,Liquid,2,BrCCBr,Solvent,0.5015,,COC=O,Solvent,0.4985,,1.6620300000000003,,10.1016/j.jct.2006.05.004
6671,298.15,101.0,Liquid,2,BrCCBr,Solvent,0.0598,,COC=O,Solvent,0.9402,,1.06428,,10.1016/j.jct.2006.05.004
6675,298.15,101.0,Liquid,2,BrCCBr,Solvent,0.7537,,COC(C)=O,Solvent,0.2463,,1.8774400000000004,,10.1016/j.jct.2006.05.004
6676,298.15,101.0,Liquid,2,BrCCBr,Solvent,0.5121,,COC(C)=O,Solvent,0.4879,,1.5834900000000005,,10.1016/j.jct.2006.05.004
6677,298.15,101.0,Liquid,2,BrCCBr,Solvent,0.2752,,COC(C)=O,Solvent,0.7248,,1.2862400000000005,,10.1016/j.jct.2006.05.004
6681,298.15,101.0,Liquid,2,BrCCCBr,Solvent,0.7138,,COC(C)=O,Solvent,0.2862,,1.7174300000000005,,10.1016/j.jct.2006.05.004
6682,298.15,101.0,Liquid,2,BrCCCBr,Solvent,0.5256,,COC(C)=O,Solvent,0.4744,,1.5338800000000006,,10.1016/j.jct.2006.05.004
6683,298.15,101.0,Liquid,2,BrCCCBr,Solvent,0.2435,,COC(C)=O,Solvent,0.7565,,1.2277600000000002,,10.1016/j.jct.2006.05.004
6687,298.15,101.0,Liquid,2,BrCCBr,Solvent,0.7286,,CCC(=O)OC,Solvent,0.2714,,1.7949900000000003,,10.1016/j.jct.2006.05.004
6688,298.15,101.0,Liquid,2,BrCCBr,Solvent,0.4944,,CCC(=O)OC,Solvent,0.5056,,1.4941800000000005,,10.1016/j.jct.2006.05.004
6689,298.15,101.0,Liquid,2,BrCCBr,Solvent,0.257,,CCC(=O)OC,Solvent,0.743,,1.2059400000000002,,10.1016/j.jct.2006.05.004
6693,298.15,100.0,Liquid,2,CNC=O,Solvent,0.7463,,Cc1ccccc1Cl,Solvent,0.2537,,1.0297000000000005,,10.1016/j.jct.2013.12.006
6694,298.15,100.0,Liquid,2,CNC=O,Solvent,0.4987,,Cc1ccccc1Cl,Solvent,0.5013,,1.0502000000000002,,10.1016/j.jct.2013.12.006
6695,298.15,100.0,Liquid,2,CNC=O,Solvent,0.2395,,Cc1ccccc1Cl,Solvent,0.7605,,1.0661000000000005,,10.1016/j.jct.2013.12.006
6699,298.15,100.0,Liquid,2,CN(C)C=O,Solvent,0.7512,,Cc1ccccc1Cl,Solvent,0.2488,,0.9898800000000002,,10.1016/j.jct.2013.12.006
6700,298.15,100.0,Liquid,2,CN(C)C=O,Solvent,0.5035,,Cc1ccccc1Cl,Solvent,0.4965,,1.0247000000000004,,10.1016/j.jct.2013.12.006
6701,308.15,100.0,Liquid,2,CN(C)C=O,Solvent,0.2737,,Cc1ccccc1Cl,Solvent,0.7263,,1.0415000000000003,,10.1016/j.jct.2013.12.006
6705,298.15,101.0,Liquid,2,CCC(C)=O,Solvent,0.2069,,CCCCO,Solvent,0.7931,,0.8045220000000003,,10.1021/je5007604
6706,298.15,101.0,Liquid,2,CCC(C)=O,Solvent,0.5002,,CCCCO,Solvent,0.4998,,0.8027400000000002,,10.1021/je5007604
6707,298.15,101.0,Liquid,2,CCC(C)=O,Solvent,0.7008,,CCCCO,Solvent,0.2992,,0.8015550000000001,,10.1021/je5007604
6711,298.15,101.0,Liquid,2,CCCCCCC,Solvent,0.913667,,c1ccccc1,Solvent,0.086333,,0.6892400000000002,,10.1016/j.jct.2009.06.001
6712,308.15,101.0,Liquid,2,CCCCCCC,Solvent,0.4922,,c1ccccc1,Solvent,0.5078,,0.7409000000000001,,10.1007/s10765-009-0667-2
6713,308.15,101.0,Liquid,2,CCCCCCC,Solvent,0.2737,,c1ccccc1,Solvent,0.7263,,0.7855000000000002,,10.1007/s10765-009-0667-2
6717,298.15,101.0,Liquid,2,CC(C)CC(C)(C)C,Solvent,0.7,,CCCCOCCCC,Solvent,0.3,,0.7117300000000002,,10.1021/je900496t
6718,298.15,101.0,Liquid,2,CC(C)CC(C)(C)C,Solvent,0.3997,,CCCCOCCCC,Solvent,0.6003,,0.7348100000000001,,10.1021/je900496t
6719,298.15,101.0,Liquid,2,CC(C)CC(C)(C)C,Solvent,0.2,,CCCCOCCCC,Solvent,0.8,,0.7497500000000001,,10.1021/je900496t
6723,298.15,101.0,Liquid,2,NCCNCCO,Solvent,0.07,,O,Solvent,0.93,,1.0222800000000003,,10.1021/je060032n
6724,298.15,101.0,Liquid,2,NCCNCCO,Solvent,0.7997,,O,Solvent,0.2003,,1.0318300000000002,,10.1021/je060032n
6725,313.15,101.0,Liquid,2,NCCNCCO,Solvent,0.3997,,O,Solvent,0.6003,,1.0370100000000002,,10.1021/je060032n
6729,298.15,101.0,Liquid,2,COC=O,Solvent,0.2795,,ClCCCl,Solvent,0.7205,,1.1777100000000005,,10.1016/j.jct.2006.10.008
6730,298.15,101.0,Liquid,2,COC=O,Solvent,0.4725,,ClCCCl,Solvent,0.5275,,1.1269600000000004,,10.1016/j.jct.2006.10.008
6731,298.15,101.0,Liquid,2,COC=O,Solvent,0.753,,ClCCCl,Solvent,0.247,,1.0461600000000004,,10.1016/j.jct.2006.10.008
6735,298.15,101.0,Liquid,2,COC=O,Solvent,0.244,,ClCCCCl,Solvent,0.756,,1.1395000000000002,,10.1016/j.jct.2006.10.008
6736,298.15,101.0,Liquid,2,COC=O,Solvent,0.5138,,ClCCCCl,Solvent,0.4862,,1.08831,,10.1016/j.jct.2006.10.008
6737,298.15,101.0,Liquid,2,COC=O,Solvent,0.7384,,ClCCCCl,Solvent,0.2616,,1.03754,,10.1016/j.jct.2006.10.008
6741,298.15,101.0,Liquid,2,CCOC=O,Solvent,0.2317,,ClCCCl,Solvent,0.7683,,1.1687800000000002,,10.1016/j.jct.2006.10.008
6742,298.15,101.325,Liquid,2,CCOC=O,Solvent,0.5246,,ClCCCl,Solvent,0.4754,,1.06852,,10.1016/j.jct.2005.03.020
6743,298.15,101.325,Liquid,2,CCOC=O,Solvent,0.758,,ClCCCl,Solvent,0.242,,0.9922300000000004,,10.1016/j.jct.2005.03.020
6747,298.15,101.0,Liquid,2,CCCOC=O,Solvent,0.3685,,ClCCCl,Solvent,0.6315,,1.1039800000000002,,10.1016/j.jct.2006.10.008
6748,298.15,101.0,Liquid,2,CCCOC=O,Solvent,0.4826,,ClCCCl,Solvent,0.5174,,1.06509,,10.1016/j.jct.2006.10.008
6749,298.15,101.0,Liquid,2,CCCOC=O,Solvent,0.7294,,ClCCCl,Solvent,0.2706,,0.9873800000000004,,10.1016/j.jct.2006.10.008
6753,297.71,101.0,Liquid,2,CCC(C)(C)O,Solvent,0.7994,,CCOC(C)(C)CC,Solvent,0.2006,,0.7932000000000002,,10.1021/je300670n
6754,297.71,101.0,Liquid,2,CCC(C)(C)O,Solvent,0.4987,,CCOC(C)(C)CC,Solvent,0.5013,,0.7789000000000001,,10.1021/je300670n
6755,297.71,101.0,Liquid,2,CCC(C)(C)O,Solvent,0.2997,,CCOC(C)(C)CC,Solvent,0.7003,,0.7709000000000001,,10.1021/je300670n
6759,298.15,100.0,Liquid,2,CCCCC(=O)OC,Solvent,0.3493,,COC=O,Solvent,0.6507,,0.9198400000000002,,10.1016/j.jct.2015.02.019
6760,298.15,100.0,Liquid,2,CCCCC(=O)OC,Solvent,0.5,,COC=O,Solvent,0.5,,0.90817,,10.1016/j.jct.2015.02.019
6761,298.15,100.0,Liquid,2,CCCCC(=O)OC,Solvent,0.7258,,COC=O,Solvent,0.2742,,0.8955000000000002,,10.1016/j.jct.2015.02.019
6765,298.15,100.0,Liquid,2,CCCCC(=O)OC,Solvent,0.248,,CO,Solvent,0.752,,0.8375100000000002,,10.1016/j.jct.2015.02.019
6766,298.15,100.0,Liquid,2,CCCCC(=O)OC,Solvent,0.5121,,CO,Solvent,0.4879,,0.8627500000000002,,10.1016/j.jct.2015.02.019
6767,298.15,100.0,Liquid,2,CCCCC(=O)OC,Solvent,0.7472,,CO,Solvent,0.2528,,0.8756700000000002,,10.1016/j.jct.2015.02.019
6771,298.15,100.0,Liquid,2,CO,Solvent,0.9167,,COC=O,Solvent,0.0833,,0.8088000000000002,,10.1016/j.jct.2015.02.019
6772,298.15,100.0,Liquid,2,CO,Solvent,0.5054,,COC=O,Solvent,0.4946,,0.8956100000000002,,10.1016/j.jct.2015.02.019
6773,298.15,100.0,Liquid,2,CO,Solvent,0.2729,,COC=O,Solvent,0.7271,,0.9321000000000004,,10.1016/j.jct.2015.02.019
6777,298.15,101.0,Liquid,2,CCCOC(=O)CC,Solvent,0.2437,,ClCCCl,Solvent,0.7563,,1.11431,,10.1016/j.jct.2008.10.007
6778,298.15,101.0,Liquid,2,CCCOC(=O)CC,Solvent,0.5188,,ClCCCl,Solvent,0.4812,,1.0064000000000002,,10.1016/j.jct.2008.10.007
6779,298.15,101.0,Liquid,2,CCCOC(=O)CC,Solvent,0.7316,,ClCCCl,Solvent,0.2684,,0.9416300000000002,,10.1016/j.jct.2008.10.007
6783,298.15,100.0,Liquid,2,CN(C)C=O,Solvent,0.1978,,ClCCCl,Solvent,0.8022,,1.1862000000000004,,10.1021/je700339f
6784,298.15,100.0,Liquid,2,CN(C)C=O,Solvent,0.4988,,ClCCCl,Solvent,0.5012,,1.0957000000000003,,10.1021/je700339f
6785,298.15,100.0,Liquid,2,CN(C)C=O,Solvent,0.7054,,ClCCCl,Solvent,0.2946,,1.0336,,10.1021/je700339f
6789,298.0,100.0,Liquid,2,CN(C)C=O,Solvent,0.2994,,ClCCCCCl,Solvent,0.7006,,1.0879000000000003,,10.1021/je700339f
6790,298.0,100.0,Liquid,2,CN(C)C=O,Solvent,0.5022,,ClCCCCCl,Solvent,0.4978,,1.0524000000000004,,10.1021/je700339f
6791,298.0,100.0,Liquid,2,CN(C)C=O,Solvent,0.7943,,ClCCCCCl,Solvent,0.2057,,0.9934000000000002,,10.1021/je700339f
6795,298.0,100.0,Liquid,2,CN(C)C=O,Solvent,0.2013,,ClCCCCCCCl,Solvent,0.7987,,1.0486000000000002,,10.1021/je700339f
6796,298.0,100.0,Liquid,2,CN(C)C=O,Solvent,0.5033,,ClCCCCCCCl,Solvent,0.4967,,1.0190000000000003,,10.1021/je700339f
6797,298.0,100.0,Liquid,2,CN(C)C=O,Solvent,0.7034,,ClCCCCCCCl,Solvent,0.2966,,0.9943000000000002,,10.1021/je700339f
6801,298.0,100.0,Liquid,2,CC(=O)N(C)C,Solvent,0.2988,,ClCCCl,Solvent,0.7012,,1.1413000000000002,,10.1021/je700339f
6802,298.0,100.0,Liquid,2,CC(=O)N(C)C,Solvent,0.4999,,ClCCCl,Solvent,0.5001,,1.0774000000000004,,10.1021/je700339f
6803,298.0,100.0,Liquid,2,CC(=O)N(C)C,Solvent,0.7008,,ClCCCl,Solvent,0.2992,,1.0181000000000002,,10.1021/je700339f
6807,298.0,100.0,Liquid,2,CC(=O)N(C)C,Solvent,0.2001,,ClCCCCCl,Solvent,0.7999,,1.0978,,10.1021/je700339f
6808,298.0,100.0,Liquid,2,CC(=O)N(C)C,Solvent,0.5009,,ClCCCCCl,Solvent,0.4991,,1.0407000000000004,,10.1021/je700339f
6809,298.0,100.0,Liquid,2,CC(=O)N(C)C,Solvent,0.6987,,ClCCCCCl,Solvent,0.3013,,1.0011000000000003,,10.1021/je700339f
6813,298.15,101.3,Liquid,2,CC(C)OC(C)C,Solvent,0.4811,,CCO,Solvent,0.5189,,0.7460000000000002,,10.1016/j.jct.2006.09.006
6814,298.15,101.3,Liquid,2,CC(C)OC(C)C,Solvent,0.7432,,CCO,Solvent,0.2568,,0.7317000000000002,,10.1016/j.jct.2006.09.006
6815,298.15,100.8,Liquid,2,CC(C)OC(C)C,Solvent,0.25,,CCO,Solvent,0.75,,0.7614000000000002,,10.1021/je050031f
6819,298.15,101.0,Liquid,2,C1CCOCC1,Solvent,0.2239,,c1ccccc1,Solvent,0.7761,,0.8761000000000002,,10.1021/je5004719
6820,298.15,101.0,Liquid,2,C1CCOCC1,Solvent,0.4794,,c1ccccc1,Solvent,0.5206,,0.8778700000000003,,10.1021/je5004719
6821,298.15,101.0,Liquid,2,C1CCOCC1,Solvent,0.7432,,c1ccccc1,Solvent,0.2568,,0.8789500000000002,,10.1021/je5004719
6825,298.15,101.0,Liquid,2,C1CCOCC1,Solvent,0.2387,,Cc1ccccc1,Solvent,0.7613,,0.8669900000000003,,10.1021/je5004719
6826,298.15,101.0,Liquid,2,C1CCOCC1,Solvent,0.4915,,Cc1ccccc1,Solvent,0.5085,,0.8715100000000002,,10.1021/je5004719
6827,298.15,101.0,Liquid,2,C1CCOCC1,Solvent,0.7321,,Cc1ccccc1,Solvent,0.2679,,0.8754100000000001,,10.1021/je5004719
6831,298.15,101.0,Liquid,2,C1CCOCC1,Solvent,0.2318,,Cc1ccccc1C,Solvent,0.7682,,0.8770400000000002,,10.1021/je5004719
6832,298.15,101.0,Liquid,2,C1CCOCC1,Solvent,0.5187,,Cc1ccccc1C,Solvent,0.4813,,0.8779900000000003,,10.1021/je5004719
6833,298.15,101.0,Liquid,2,C1CCOCC1,Solvent,0.7729,,Cc1ccccc1C,Solvent,0.2271,,0.8787800000000002,,10.1021/je5004719
6837,298.15,101.0,Liquid,2,CC(C)CC(C)(C)C,Solvent,0.7,,CCCO,Solvent,0.3,,0.7046500000000001,,10.1016/j.fluid.2012.06.031
6838,298.15,101.0,Liquid,2,CC(C)CC(C)(C)C,Solvent,0.5,,CCCO,Solvent,0.5,,0.7214400000000002,,10.1016/j.fluid.2012.06.031
6839,298.15,101.0,Liquid,2,CC(C)CC(C)(C)C,Solvent,0.2001,,CCCO,Solvent,0.7999,,0.7589500000000002,,10.1016/j.fluid.2012.06.031
6843,293.15,101.0,Liquid,2,O,Solvent,0.7534,,OCCN1CCOCC1,Solvent,0.2466,,1.0838100000000002,,10.1016/j.jct.2008.01.007
6844,293.15,101.0,Liquid,2,O,Solvent,0.5148,,OCCN1CCOCC1,Solvent,0.4852,,1.0866900000000004,,10.1016/j.jct.2008.01.007
6845,293.15,101.0,Liquid,2,O,Solvent,0.2561,,OCCN1CCOCC1,Solvent,0.7439,,1.08031,,10.1016/j.jct.2008.01.007
6849,308.15,101.32,Liquid,2,OCCOCCO,Solvent,0.2285,,OCc1ccccc1,Solvent,0.7715,,1.0497600000000002,,10.1021/je0342062
6850,308.15,101.32,Liquid,2,OCCOCCO,Solvent,0.5312,,OCc1ccccc1,Solvent,0.4688,,1.07136,,10.1021/je0342062
6851,308.15,101.32,Liquid,2,OCCOCCO,Solvent,0.7277,,OCc1ccccc1,Solvent,0.2723,,1.0857000000000003,,10.1021/je0342062
6855,298.15,100.0,Liquid,2,CC(C)CC(C)(C)C,Solvent,0.2981,,CCCC(=O)OC,Solvent,0.7019,,0.8119000000000002,,10.1021/acs.jced.5b00813
6856,298.15,100.0,Liquid,2,CC(C)CC(C)(C)C,Solvent,0.441,,CCCC(=O)OC,Solvent,0.559,,0.7803000000000001,,10.1021/acs.jced.5b00813
6857,298.15,100.0,Liquid,2,CC(C)CC(C)(C)C,Solvent,0.7243,,CCCC(=O)OC,Solvent,0.2757,,0.7279000000000001,,10.1021/acs.jced.5b00813
6861,298.15,100.0,Liquid,2,CC(C)CC(C)(C)C,Solvent,0.2615,,COC(C)=O,Solvent,0.7385,,0.8180300000000001,,10.1021/acs.jced.5b00813
6862,298.15,100.0,Liquid,2,CC(C)CC(C)(C)C,Solvent,0.5411,,COC(C)=O,Solvent,0.4589,,0.7495700000000002,,10.1021/acs.jced.5b00813
6863,298.15,100.0,Liquid,2,CC(C)CC(C)(C)C,Solvent,0.7359,,COC(C)=O,Solvent,0.2641,,0.7176000000000002,,10.1021/acs.jced.5b00813
6867,298.15,100.0,Liquid,2,CCCCC(=O)OC,Solvent,0.2511,,COC(C)=O,Solvent,0.7489,,0.9105300000000002,,10.1021/acs.jced.5b00813
6868,298.15,100.0,Liquid,2,CCCCC(=O)OC,Solvent,0.4935,,COC(C)=O,Solvent,0.5065,,0.8996200000000002,,10.1021/acs.jced.5b00813
6869,298.15,100.0,Liquid,2,CCCCC(=O)OC,Solvent,0.7383,,COC(C)=O,Solvent,0.2617,,0.8914700000000002,,10.1021/acs.jced.5b00813
6873,298.15,100.0,Liquid,2,CCCC(=O)OC,Solvent,0.2536,,COC(C)=O,Solvent,0.7464,,0.9147400000000002,,10.1021/acs.jced.5b00813
6874,298.15,100.0,Liquid,2,CCCC(=O)OC,Solvent,0.5456,,COC(C)=O,Solvent,0.4544,,0.9041900000000004,,10.1021/acs.jced.5b00813
6875,298.15,100.0,Liquid,2,CCCC(=O)OC,Solvent,0.6958,,COC(C)=O,Solvent,0.3042,,0.8997600000000002,,10.1021/acs.jced.5b00813
6879,298.15,101.0,Liquid,2,CCCO,Solvent,0.1929,,O=Cc1ccccc1,Solvent,0.8071,,1.0128,,10.1021/je900212d
6880,298.15,101.0,Liquid,2,CCCO,Solvent,0.5003,,O=Cc1ccccc1,Solvent,0.4997,,0.9470000000000002,,10.1021/je900212d
6881,298.15,101.0,Liquid,2,CCCO,Solvent,0.8025,,O=Cc1ccccc1,Solvent,0.1975,,0.8676000000000003,,10.1021/je900212d
6885,298.15,101.0,Liquid,2,c1cc[nH]c1,Solvent,0.3142,,c1ccccc1,Solvent,0.6858,,0.9043500000000002,,10.1021/je100526j
6886,298.15,101.0,Liquid,2,c1cc[nH]c1,Solvent,0.503,,c1ccccc1,Solvent,0.497,,0.9220400000000002,,10.1021/je100526j
6887,298.15,101.0,Liquid,2,c1cc[nH]c1,Solvent,0.8207,,c1ccccc1,Solvent,0.1793,,0.9503300000000002,,10.1021/je100526j
6891,298.15,101.0,Liquid,2,C1CCCCC1,Solvent,0.9251,,c1cc[nH]c1,Solvent,0.0749,,0.7860300000000001,,10.1021/je100526j
6892,298.15,101.0,Liquid,2,C1CCCCC1,Solvent,0.4942,,c1cc[nH]c1,Solvent,0.5058,,0.8661300000000002,,10.1021/je100526j
6893,298.15,101.0,Liquid,2,C1CCCCC1,Solvent,0.2817,,c1cc[nH]c1,Solvent,0.7183,,0.9082800000000002,,10.1021/je100526j
6897,293.15,101.0,Liquid,2,NCCNCCN,Solvent,0.2449,,O,Solvent,0.7551,,1.0275000000000003,,10.1016/j.jct.2008.11.012
6898,293.15,101.0,Liquid,2,NCCNCCN,Solvent,0.4974,,O,Solvent,0.5026,,0.9928000000000002,,10.1016/j.jct.2008.11.012
6899,293.15,101.0,Liquid,2,NCCNCCN,Solvent,0.6988,,O,Solvent,0.3012,,0.9718000000000002,,10.1016/j.jct.2008.11.012
6903,298.15,100.0,Liquid,2,CCOCCO,Solvent,0.7599,,OCc1ccccc1,Solvent,0.2401,,0.9584000000000004,,10.1016/j.jct.2015.08.040
6904,298.15,100.0,Liquid,2,CCOCCO,Solvent,0.5134,,OCc1ccccc1,Solvent,0.4866,,0.9886300000000002,,10.1016/j.jct.2015.08.040
6905,298.15,100.0,Liquid,2,CCOCCO,Solvent,0.2602,,OCc1ccccc1,Solvent,0.7398,,1.0163500000000003,,10.1016/j.jct.2015.08.040
6909,298.15,101.0,Liquid,2,CCOCCO,Solvent,0.2518,,c1ccccc1,Solvent,0.7482,,0.8849000000000002,,10.1021/je034005y
6910,298.15,101.0,Liquid,2,CCOCCO,Solvent,0.5048,,c1ccccc1,Solvent,0.4952,,0.8995700000000003,,10.1021/je034005y
6911,298.15,101.0,Liquid,2,CCOCCO,Solvent,0.7508,,c1ccccc1,Solvent,0.2492,,0.9134500000000004,,10.1021/je034005y
6915,298.15,101.3,Liquid,2,CN(C)CCCO,Solvent,0.289504,,O,Solvent,0.710496,,0.9443,,10.1016/j.jct.2016.02.007
6916,298.15,101.0,Liquid,2,CN(C)CCCO,Solvent,0.5013,,O,Solvent,0.4987,,0.9170700000000004,,10.1016/j.tca.2012.05.025
6917,298.15,101.0,Liquid,2,CN(C)CCCO,Solvent,0.8006,,O,Solvent,0.1994,,0.8915100000000002,,10.1016/j.tca.2012.05.025
6921,298.15,101.0,Liquid,2,CCOC(=O)CC(=O)OCC,Solvent,0.2501,,CO,Solvent,0.7499,,0.9355040000000002,,10.1021/je100100n
6922,298.15,101.0,Liquid,2,CCOC(=O)CC(=O)OCC,Solvent,0.5004,,CO,Solvent,0.4996,,0.9962350000000002,,10.1021/je100100n
6923,298.15,101.0,Liquid,2,CCOC(=O)CC(=O)OCC,Solvent,0.7978,,CO,Solvent,0.2022,,1.0336070000000002,,10.1021/je100100n
6927,298.15,101.0,Liquid,2,CC(C)O,Solvent,0.7,,CCOC(=O)CC(=O)OCC,Solvent,0.3,,0.9013080000000002,,10.1021/je100100n
6928,298.15,101.0,Liquid,2,CC(C)O,Solvent,0.5001,,CCOC(=O)CC(=O)OCC,Solvent,0.4999,,0.9563730000000004,,10.1021/je100100n
6929,298.15,101.0,Liquid,2,CC(C)O,Solvent,0.2,,CCOC(=O)CC(=O)OCC,Solvent,0.8,,1.0176930000000002,,10.1021/je100100n
6933,298.15,101.0,Liquid,2,CC(C)CO,Solvent,0.7,,CCOC(=O)CC(=O)OCC,Solvent,0.3,,0.8987460000000002,,10.1021/je100100n
6934,298.15,101.0,Liquid,2,CC(C)CO,Solvent,0.4999,,CCOC(=O)CC(=O)OCC,Solvent,0.5001,,0.9511160000000002,,10.1021/je100100n
6935,298.15,101.0,Liquid,2,CC(C)CO,Solvent,0.1997,,CCOC(=O)CC(=O)OCC,Solvent,0.8003,,1.0145710000000003,,10.1021/je100100n
6939,298.15,101.0,Liquid,2,CN1CCCC1=O,Solvent,0.2348,,c1ccncc1,Solvent,0.7652,,0.9983500000000004,,10.1021/je301353z
6940,298.15,101.0,Liquid,2,CN1CCCC1=O,Solvent,0.5215,,c1ccncc1,Solvent,0.4785,,1.0158200000000004,,10.1021/je301353z
6941,298.15,101.0,Liquid,2,CN1CCCC1=O,Solvent,0.6364,,c1ccncc1,Solvent,0.3636,,1.0207400000000002,,10.1021/je301353z
6945,298.15,101.0,Liquid,2,OC1=NCCC1,Solvent,0.2312,,c1ccncc1,Solvent,0.7688,,1.0106200000000003,,10.1021/je301353z
6946,298.15,101.0,Liquid,2,OC1=NCCC1,Solvent,0.4752,,c1ccncc1,Solvent,0.5248,,1.0431300000000003,,10.1021/je301353z
6947,298.15,101.0,Liquid,2,OC1=NCCC1,Solvent,0.8312,,c1ccncc1,Solvent,0.1688,,1.0872000000000004,,10.1021/je301353z
6951,298.15,101.3,Liquid,2,C1CCOCC1,Solvent,0.701,,CCO,Solvent,0.299,,0.8595400000000002,,10.1021/je201140q
6952,298.15,101.3,Liquid,2,C1CCOCC1,Solvent,0.504,,CCO,Solvent,0.496,,0.8440100000000001,,10.1021/je201140q
6953,298.15,101.3,Liquid,2,C1CCOCC1,Solvent,0.284,,CCO,Solvent,0.716,,0.8227400000000002,,10.1021/je201140q
6957,298.15,101.0,Liquid,2,CO,Solvent,0.659526,,OCCO,Solvent,0.340474,,0.9338000000000002,,10.1016/j.fluid.2009.03.002
6958,298.15,101.0,Liquid,2,CO,Solvent,0.392354,,OCCO,Solvent,0.607646,,1.0196000000000005,,10.1016/j.fluid.2009.03.002
6962,298.15,101.0,Liquid,2,Cc1ccccc1N,Solvent,0.2374,,c1ccncc1,Solvent,0.7626,,0.9863750000000002,,10.1016/j.jct.2010.12.028
6963,298.15,101.0,Liquid,2,Cc1ccccc1N,Solvent,0.4837,,c1ccncc1,Solvent,0.5163,,0.9912370000000004,,10.1016/j.jct.2010.12.028
6964,298.15,101.0,Liquid,2,Cc1ccccc1N,Solvent,0.7678,,c1ccncc1,Solvent,0.2322,,0.9936220000000002,,10.1016/j.jct.2010.12.028
6968,298.15,101.0,Liquid,2,Cc1ccccc1N,Solvent,0.2557,,Cc1ccccn1,Solvent,0.7443,,0.9597930000000002,,10.1016/j.jct.2010.12.028
6969,298.15,101.0,Liquid,2,Cc1ccccc1N,Solvent,0.5146,,Cc1ccccn1,Solvent,0.4854,,0.9748990000000002,,10.1016/j.jct.2010.12.028
6970,298.15,101.0,Liquid,2,Cc1ccccc1N,Solvent,0.7571,,Cc1ccccn1,Solvent,0.2429,,0.9854410000000002,,10.1016/j.jct.2010.12.028
6974,298.15,101.0,Liquid,2,Cc1ccccc1N,Solvent,0.2467,,Cc1cccnc1,Solvent,0.7533,,0.9668750000000004,,10.1016/j.jct.2010.12.028
6975,298.15,101.0,Liquid,2,Cc1ccccc1N,Solvent,0.5336,,Cc1cccnc1,Solvent,0.4664,,0.9795770000000004,,10.1016/j.jct.2010.12.028
6976,298.15,101.0,Liquid,2,Cc1ccccc1N,Solvent,0.7372,,Cc1cccnc1,Solvent,0.2628,,0.9867010000000004,,10.1016/j.jct.2010.12.028
6980,298.15,101.0,Liquid,2,Cc1ccccc1N,Solvent,0.2655,,Cc1ccncc1,Solvent,0.7345,,0.9662520000000002,,10.1016/j.jct.2010.12.028
6981,298.15,101.0,Liquid,2,Cc1ccccc1N,Solvent,0.4863,,Cc1ccncc1,Solvent,0.5137,,0.9765780000000002,,10.1016/j.jct.2010.12.028
6982,298.15,101.0,Liquid,2,Cc1ccccc1N,Solvent,0.7674,,Cc1ccncc1,Solvent,0.2326,,0.9868740000000004,,10.1016/j.jct.2010.12.028
6986,298.15,101.31,Liquid,2,CCCCOC(C)=O,Solvent,0.7105,,c1ccccc1,Solvent,0.2895,,0.8751500000000002,,10.1021/je800915d
6987,298.15,101.31,Liquid,2,CCCCOC(C)=O,Solvent,0.5044,,c1ccccc1,Solvent,0.4956,,0.8744300000000002,,10.1021/je800915d
6988,298.15,101.31,Liquid,2,CCCCOC(C)=O,Solvent,0.2934,,c1ccccc1,Solvent,0.7066,,0.8736600000000002,,10.1021/je800915d
6992,298.15,101.0,Liquid,2,CC(C)=O,Solvent,0.2484,,Nc1ccccc1,Solvent,0.7516,,0.9768950000000002,,10.1021/je900874z
6993,298.15,101.0,Liquid,2,CC(C)=O,Solvent,0.4114,,Nc1ccccc1,Solvent,0.5886,,0.9457730000000002,,10.1021/je900874z
6994,298.15,101.0,Liquid,2,CC(C)=O,Solvent,0.6993,,Nc1ccccc1,Solvent,0.3007,,0.8786430000000003,,10.1021/je900874z
6998,298.15,101.0,Liquid,2,CC(C)=O,Solvent,0.2503,,CNc1ccccc1,Solvent,0.7497,,0.9502900000000002,,10.1021/je900874z
6999,298.15,101.0,Liquid,2,CC(C)=O,Solvent,0.4948,,CNc1ccccc1,Solvent,0.5052,,0.9107940000000002,,10.1021/je900874z
7000,298.15,101.0,Liquid,2,CC(C)=O,Solvent,0.7506,,CNc1ccccc1,Solvent,0.2494,,0.8565010000000002,,10.1021/je900874z
7004,298.15,101.0,Liquid,2,C1CCCCC1,Solvent,0.5039,,CC(C)O,Solvent,0.4961,,0.7719000000000001,,10.1016/j.jct.2007.02.008
7005,298.15,101.0,Liquid,2,C1CCCCC1,Solvent,0.2,,CC(C)O,Solvent,0.8,,0.7761000000000002,,10.1016/j.jct.2007.02.008
7006,298.15,101.0,Liquid,2,C1CCCCC1,Solvent,0.7058,,CC(C)O,Solvent,0.2942,,0.7711100000000002,,10.1021/je050540h
7010,298.15,101.0,Liquid,2,C1CCCC1,Solvent,0.1965,,CCCCCCCO,Solvent,0.8035,,0.8083340000000001,,10.1021/je800831d
7011,298.15,101.0,Liquid,2,C1CCCC1,Solvent,0.5084,,CCCCCCCO,Solvent,0.4916,,0.7865310000000001,,10.1021/je800831d
7012,298.15,101.0,Liquid,2,C1CCCC1,Solvent,0.7675,,CCCCCCCO,Solvent,0.2325,,0.7621850000000001,,10.1021/je800831d
7016,298.15,101.3,Liquid,2,NCCCO,Solvent,0.272809,,O,Solvent,0.727191,,1.0118000000000005,,10.1021/acs.jced.5b00412
7017,298.15,101.3,Liquid,2,NCCCO,Solvent,0.489642,,O,Solvent,0.510358,,1.0059000000000002,,10.1021/acs.jced.5b00412
7018,298.15,101.3,Liquid,2,NCCCO,Solvent,0.708044,,O,Solvent,0.291956,,0.9975000000000004,,10.1021/acs.jced.5b00412
7022,298.15,101.3,Liquid,2,CCCOC(=O)CC,Solvent,0.2747,,Cc1ccccc1,Solvent,0.7253,,0.8675700000000003,,10.1016/j.jct.2006.08.011
7023,298.15,101.3,Liquid,2,CCCOC(=O)CC,Solvent,0.4907,,Cc1ccccc1,Solvent,0.5093,,0.8707300000000002,,10.1016/j.jct.2006.08.011
7024,298.15,101.3,Liquid,2,CCCOC(=O)CC,Solvent,0.7346,,Cc1ccccc1,Solvent,0.2654,,0.8734100000000001,,10.1016/j.jct.2006.08.011
7028,298.15,100.0,Liquid,2,CCCCCCC,Solvent,0.7405,,CNc1ccccc1,Solvent,0.2595,,0.7424910000000001,,10.1021/je400134d
7029,298.15,100.0,Liquid,2,CCCCCCC,Solvent,0.497,,CNc1ccccc1,Solvent,0.503,,0.8106920000000002,,10.1021/je400134d
7030,298.15,100.0,Liquid,2,CCCCCCC,Solvent,0.2509,,CNc1ccccc1,Solvent,0.7491,,0.8897150000000003,,10.1021/je400134d
7034,298.15,100.0,Liquid,2,C1CCCCC1,Solvent,0.7464,,CNc1ccccc1,Solvent,0.2536,,0.8233530000000001,,10.1021/je400134d
7035,298.15,100.0,Liquid,2,C1CCCCC1,Solvent,0.4945,,CNc1ccccc1,Solvent,0.5055,,0.8759620000000002,,10.1021/je400134d
7036,298.15,100.0,Liquid,2,C1CCCCC1,Solvent,0.247,,CNc1ccccc1,Solvent,0.753,,0.9289450000000002,,10.1021/je400134d
7040,298.15,100.0,Liquid,2,CNc1ccccc1,Solvent,0.2452,,Cc1ccccc1,Solvent,0.7548,,0.8935250000000002,,10.1021/je400134d
7041,298.15,100.0,Liquid,2,CNc1ccccc1,Solvent,0.49,,Cc1ccccc1,Solvent,0.51,,0.9235800000000004,,10.1021/je400134d
7042,298.15,100.0,Liquid,2,CNc1ccccc1,Solvent,0.7407,,Cc1ccccc1,Solvent,0.2593,,0.9531280000000004,,10.1021/je400134d
7046,298.15,101.3,Liquid,2,CCCCCC(C)=O,Solvent,0.2526,,CCCNCCC,Solvent,0.7474,,0.7540050000000001,,10.1016/j.jct.2011.05.003
7047,298.15,101.3,Liquid,2,CCCCCC(C)=O,Solvent,0.5427,,CCCNCCC,Solvent,0.4573,,0.7766620000000002,,10.1016/j.jct.2011.05.003
7048,298.15,101.3,Liquid,2,CCCCCC(C)=O,Solvent,0.7418,,CCCNCCC,Solvent,0.2582,,0.7918920000000003,,10.1016/j.jct.2011.05.003
7052,298.15,101.3,Liquid,2,CCCCCC(C)=O,Solvent,0.2097,,CCCCNCCCC,Solvent,0.7903,,0.7655110000000002,,10.1016/j.jct.2011.05.003
7053,298.15,101.3,Liquid,2,CCCCCC(C)=O,Solvent,0.4499,,CCCCNCCCC,Solvent,0.5501,,0.7778490000000002,,10.1016/j.jct.2011.05.003
7054,298.15,101.3,Liquid,2,CCCCCC(C)=O,Solvent,0.7509,,CCCCNCCCC,Solvent,0.2491,,0.7951660000000003,,10.1016/j.jct.2011.05.003
7058,298.15,101.3,Liquid,2,CCCCCC(C)=O,Solvent,0.2598,,CCN(CC)CC,Solvent,0.7402,,0.7465820000000002,,10.1016/j.jct.2011.05.003
7059,298.15,101.3,Liquid,2,CCCCCC(C)=O,Solvent,0.5032,,CCN(CC)CC,Solvent,0.4968,,0.7684760000000002,,10.1016/j.jct.2011.05.003
7060,298.15,101.3,Liquid,2,CCCCCC(C)=O,Solvent,0.7484,,CCN(CC)CC,Solvent,0.2516,,0.7899410000000002,,10.1016/j.jct.2011.05.003
7064,293.15,101.0,Liquid,2,C=C(C)[C@H]1CC=C(C)CC1,Solvent,0.7252,,CCCCCO,Solvent,0.2748,,0.8354000000000001,,10.1016/j.fluid.2010.03.001
7065,293.15,101.0,Liquid,2,C=C(C)[C@H]1CC=C(C)CC1,Solvent,0.5435,,CCCCCO,Solvent,0.4565,,0.8312000000000003,,10.1016/j.fluid.2010.03.001
7066,293.15,101.0,Liquid,2,C=C(C)[C@H]1CC=C(C)CC1,Solvent,0.2635,,CCCCCO,Solvent,0.7365,,0.8238000000000002,,10.1016/j.fluid.2010.03.001
7070,298.15,101.0,Liquid,2,O,Solvent,0.74401,,OCC(O)CO,Solvent,0.25599,,1.1613400000000005,,10.1016/j.tca.2013.07.012
7071,298.15,101.0,Liquid,2,O,Solvent,0.50929,,OCC(O)CO,Solvent,0.49071,,1.2137500000000003,,10.1016/j.tca.2013.07.012
7072,298.15,101.0,Liquid,2,O,Solvent,0.25064,,OCC(O)CO,Solvent,0.74936,,1.2418100000000003,,10.1016/j.tca.2013.07.012
7076,298.15,100.0,Liquid,2,CCCCCl,Solvent,0.7026,,CN1CCCC1=O,Solvent,0.2974,,0.9268000000000002,,10.1021/je7003758
7077,298.15,100.0,Liquid,2,CCCCCl,Solvent,0.4948,,CN1CCCC1=O,Solvent,0.5052,,0.9575000000000002,,10.1021/je7003758
7078,298.15,100.0,Liquid,2,CCCCCl,Solvent,0.2961,,CN1CCCC1=O,Solvent,0.7039,,0.9862000000000004,,10.1021/je7003758
7082,298.15,100.0,Liquid,2,CCCCCCCl,Solvent,0.8012,,CN1CCCC1=O,Solvent,0.1988,,0.8970000000000002,,10.1021/je7003758
7083,298.15,100.0,Liquid,2,CCCCCCCl,Solvent,0.4993,,CN1CCCC1=O,Solvent,0.5007,,0.9389000000000002,,10.1021/je7003758
7084,298.15,100.0,Liquid,2,CCCCCCCl,Solvent,0.2984,,CN1CCCC1=O,Solvent,0.7016,,0.9715000000000004,,10.1021/je7003758
7088,298.15,100.0,Liquid,2,CN1CCCC1=O,Solvent,0.2025,,ClCCCl,Solvent,0.7975,,1.1953000000000005,,10.1021/je7003758
7089,298.15,100.0,Liquid,2,CN1CCCC1=O,Solvent,0.4975,,ClCCCl,Solvent,0.5025,,1.1283000000000003,,10.1021/je7003758
7090,298.15,100.0,Liquid,2,CN1CCCC1=O,Solvent,0.7037,,ClCCCl,Solvent,0.2963,,1.0851000000000002,,10.1021/je7003758
7094,298.15,100.0,Liquid,2,CN1CCCC1=O,Solvent,0.2034,,ClCCCCCl,Solvent,0.7966,,1.1142000000000003,,10.1021/je7003758
7095,298.15,100.0,Liquid,2,CN1CCCC1=O,Solvent,0.5025,,ClCCCCCl,Solvent,0.4975,,1.0840000000000003,,10.1021/je7003758
7096,298.15,100.0,Liquid,2,CN1CCCC1=O,Solvent,0.7003,,ClCCCCCl,Solvent,0.2997,,1.0627000000000002,,10.1021/je7003758
7100,298.15,100.0,Liquid,2,CN1CCCC1=O,Solvent,0.2016,,ClCCCCCCCl,Solvent,0.7984,,1.0584000000000005,,10.1021/je7003758
7101,298.15,100.0,Liquid,2,CN1CCCC1=O,Solvent,0.5049,,ClCCCCCCCl,Solvent,0.4951,,1.0490000000000002,,10.1021/je7003758
7102,298.15,100.0,Liquid,2,CN1CCCC1=O,Solvent,0.7023,,ClCCCCCCCl,Solvent,0.2977,,1.0416,,10.1021/je7003758
7106,298.15,101.0,Liquid,2,CCC(C)=O,Solvent,0.261,,CCN(CC)CC,Solvent,0.739,,0.7361510000000001,,10.1016/j.tca.2010.09.004
7107,298.15,101.0,Liquid,2,CCC(C)=O,Solvent,0.5106,,CCN(CC)CC,Solvent,0.4894,,0.7527560000000002,,10.1016/j.tca.2010.09.004
7108,298.15,101.0,Liquid,2,CCC(C)=O,Solvent,0.7604,,CCN(CC)CC,Solvent,0.2396,,0.7738830000000002,,10.1016/j.tca.2010.09.004
7112,298.15,101.0,Liquid,2,C1CCOCC1,Solvent,0.2987,,CCCCCO,Solvent,0.7013,,0.8293300000000002,,10.1021/je060368x
7113,298.15,101.0,Liquid,2,C1CCOCC1,Solvent,0.4994,,CCCCCO,Solvent,0.5006,,0.8425400000000002,,10.1021/je060368x
7114,298.15,101.0,Liquid,2,C1CCOCC1,Solvent,0.8,,CCCCCO,Solvent,0.2,,0.8635900000000002,,10.1021/je060368x
7118,298.15,101.0,Liquid,2,CCC(C)=O,Solvent,0.2563,,Nc1ccccc1,Solvent,0.7437,,0.9712300000000004,,10.1021/je100472t
7119,298.15,101.0,Liquid,2,CCC(C)=O,Solvent,0.5026,,Nc1ccccc1,Solvent,0.4974,,0.9213850000000002,,10.1021/je100472t
7120,298.15,101.0,Liquid,2,CCC(C)=O,Solvent,0.9019,,Nc1ccccc1,Solvent,0.0981,,0.8265540000000001,,10.1021/je100472t
7124,298.15,101.0,Liquid,2,CCC(C)=O,Solvent,0.2589,,CNc1ccccc1,Solvent,0.7411,,0.9456330000000004,,10.1021/je100472t
7125,298.15,101.0,Liquid,2,CCC(C)=O,Solvent,0.495,,CNc1ccccc1,Solvent,0.505,,0.9066940000000002,,10.1021/je100472t
7126,298.15,101.0,Liquid,2,CCC(C)=O,Solvent,0.7463,,CNc1ccccc1,Solvent,0.2537,,0.8582020000000002,,10.1021/je100472t
7130,293.15,101.0,Liquid,2,CN1CCOCC1,Solvent,0.2538,,O,Solvent,0.7462,,0.9918800000000002,,10.1021/je800197t
7131,293.15,101.0,Liquid,2,CN1CCOCC1,Solvent,0.4983,,O,Solvent,0.5017,,0.9627600000000002,,10.1021/je800197t
7132,293.15,101.0,Liquid,2,CN1CCOCC1,Solvent,0.7587,,O,Solvent,0.2413,,0.9345300000000002,,10.1021/je800197t
7133,291.15,101.0,Liquid,2,CCCCC,Solvent,0.73,,COC=O,Solvent,0.27,,0.6740500000000001,,10.1016/j.fluid.2013.11.026
7134,291.15,101.0,Liquid,2,CCCCC,Solvent,0.494,,COC=O,Solvent,0.506,,0.7379200000000001,,10.1016/j.fluid.2013.11.026
7135,291.15,101.0,Liquid,2,CCCCC,Solvent,0.241,,COC=O,Solvent,0.759,,0.8359400000000002,,10.1016/j.fluid.2013.11.026
7139,298.15,101.0,Liquid,2,CCCCC,Solvent,0.748,,CCOC=O,Solvent,0.252,,0.6707000000000002,,10.1016/j.fluid.2013.11.026
7140,298.15,101.0,Liquid,2,CCCCC,Solvent,0.504,,CCOC=O,Solvent,0.496,,0.7333000000000002,,10.1016/j.fluid.2013.11.026
7141,298.15,101.0,Liquid,2,CCCCC,Solvent,0.298,,CCOC=O,Solvent,0.702,,0.7971000000000003,,10.1016/j.fluid.2013.11.026
7145,291.15,101.0,Liquid,2,CCCCC,Solvent,0.181,,CCCOC=O,Solvent,0.819,,0.8484000000000002,,10.1016/j.fluid.2013.11.026
7146,298.15,101.0,Liquid,2,CCCCC,Solvent,0.7475,,CCCOC=O,Solvent,0.2525,,0.6792300000000002,,10.1016/j.fluid.2013.11.026
7147,298.15,101.0,Liquid,2,CCCCC,Solvent,0.5118,,CCCOC=O,Solvent,0.4882,,0.7417500000000001,,10.1016/j.fluid.2013.11.026
7151,298.15,101.0,Liquid,2,CCC(C)=O,Solvent,0.2446,,CCCNCCC,Solvent,0.7554,,0.7446230000000003,,10.1016/j.tca.2010.09.004
7152,298.15,101.0,Liquid,2,CCC(C)=O,Solvent,0.5006,,CCCNCCC,Solvent,0.4994,,0.7590400000000002,,10.1016/j.tca.2010.09.004
7153,298.15,101.0,Liquid,2,CCC(C)=O,Solvent,0.7531,,CCCNCCC,Solvent,0.2469,,0.7771510000000001,,10.1016/j.tca.2010.09.004
7157,298.15,101.0,Liquid,2,CCC(C)=O,Solvent,0.2603,,CCCCNCCCC,Solvent,0.7397,,0.7614750000000002,,10.1016/j.tca.2010.09.004
7158,298.15,101.0,Liquid,2,CCC(C)=O,Solvent,0.5018,,CCCCNCCCC,Solvent,0.4982,,0.7693960000000002,,10.1016/j.tca.2010.09.004
7159,298.15,101.0,Liquid,2,CCC(C)=O,Solvent,0.7473,,CCCCNCCCC,Solvent,0.2527,,0.7810500000000001,,10.1016/j.tca.2010.09.004
7163,298.15,101.3,Liquid,2,Clc1ccccc1,Solvent,0.7358,,c1ccccc1,Solvent,0.2642,,1.0465000000000002,,10.1021/je030130y
7164,298.15,101.3,Liquid,2,Clc1ccccc1,Solvent,0.4679,,c1ccccc1,Solvent,0.5321,,0.9877000000000002,,10.1021/je030130y
7165,298.15,101.3,Liquid,2,Clc1ccccc1,Solvent,0.2931,,c1ccccc1,Solvent,0.7069,,0.9468000000000002,,10.1021/je030130y
7169,298.15,101.0,Liquid,2,C1CCOCC1,Solvent,0.2354,,O=C1CCCC1,Solvent,0.7646,,0.9281000000000004,,10.1021/je025649t
7170,298.15,101.0,Liquid,2,C1CCOCC1,Solvent,0.5498,,O=C1CCCC1,Solvent,0.4502,,0.9073000000000002,,10.1021/je025649t
7171,298.15,101.0,Liquid,2,C1CCOCC1,Solvent,0.708,,O=C1CCCC1,Solvent,0.292,,0.8972200000000002,,10.1021/je025649t
7175,298.15,101.0,Liquid,2,C1CCOCC1,Solvent,0.2361,,CCCC(C)=O,Solvent,0.7639,,0.8183900000000002,,10.1021/je025649t
7176,298.15,101.0,Liquid,2,C1CCOCC1,Solvent,0.5046,,CCCC(C)=O,Solvent,0.4954,,0.8386000000000002,,10.1021/je025649t
7177,298.15,101.0,Liquid,2,C1CCOCC1,Solvent,0.7776,,CCCC(C)=O,Solvent,0.2224,,0.8602600000000002,,10.1021/je025649t
7181,298.15,101.0,Liquid,2,C1CCOCC1,Solvent,0.2235,,CCCCCC(C)=O,Solvent,0.7765,,0.8221200000000002,,10.1021/je025649t
7182,298.15,101.0,Liquid,2,C1CCOCC1,Solvent,0.5166,,CCCCCC(C)=O,Solvent,0.4834,,0.8396100000000002,,10.1021/je025649t
7183,298.15,101.0,Liquid,2,C1CCOCC1,Solvent,0.7101,,CCCCCC(C)=O,Solvent,0.2899,,0.8534200000000002,,10.1021/je025649t
7187,303.2,101.0,Liquid,2,CCCOC(C)=O,Solvent,0.831128,,O,Solvent,0.168872,,0.8943440000000002,,10.1016/j.fluid.2012.07.032
7188,298.15,101.0,Liquid,2,CCCCC(=O)OCC,Solvent,0.3047,,CCOC(C)=O,Solvent,0.6953,,0.8836400000000002,,10.1016/j.jct.2012.03.011
7189,298.15,101.0,Liquid,2,CCCCC(=O)OCC,Solvent,0.4921,,CCOC(C)=O,Solvent,0.5079,,0.8787300000000002,,10.1016/j.jct.2012.03.011
7190,298.15,101.0,Liquid,2,CCCCC(=O)OCC,Solvent,0.7526,,CCOC(C)=O,Solvent,0.2474,,0.8732900000000001,,10.1016/j.jct.2012.03.011
7194,303.15,101.0,Liquid,2,CCC(C)=O,Solvent,0.7793,,CN1CCCC1=O,Solvent,0.2207,,0.8467600000000002,,10.1016/j.jct.2009.01.006
7195,303.15,101.0,Liquid,2,CCC(C)=O,Solvent,0.4795,,CN1CCCC1=O,Solvent,0.5205,,0.9166100000000004,,10.1016/j.jct.2009.01.006
7196,303.15,101.0,Liquid,2,CCC(C)=O,Solvent,0.2922,,CN1CCCC1=O,Solvent,0.7078,,0.9591400000000002,,10.1016/j.jct.2009.01.006
7200,298.15,101.3,Liquid,2,C1COCO1,Solvent,0.2251,,O=C1CCCC1,Solvent,0.7749,,0.9652800000000002,,10.1021/je034223r
7201,298.15,101.3,Liquid,2,C1COCO1,Solvent,0.509,,O=C1CCCC1,Solvent,0.491,,0.9954700000000004,,10.1021/je034223r
7202,298.15,101.3,Liquid,2,C1COCO1,Solvent,0.7891,,O=C1CCCC1,Solvent,0.2109,,1.02957,,10.1021/je034223r
7206,298.15,101.3,Liquid,2,C1COCO1,Solvent,0.3499,,CCCC(C)=O,Solvent,0.6501,,0.8687200000000003,,10.1021/je034223r
7207,298.15,101.3,Liquid,2,C1COCO1,Solvent,0.5169,,CCCC(C)=O,Solvent,0.4831,,0.9078200000000004,,10.1021/je034223r
7208,298.15,101.3,Liquid,2,C1COCO1,Solvent,0.7174,,CCCC(C)=O,Solvent,0.2826,,0.9625500000000002,,10.1021/je034223r
7212,298.15,101.3,Liquid,2,C1COCO1,Solvent,0.244,,CCCCCC(C)=O,Solvent,0.756,,0.8445200000000002,,10.1021/je034223r
7213,298.15,101.3,Liquid,2,C1COCO1,Solvent,0.5071,,CCCCCC(C)=O,Solvent,0.4929,,0.8936300000000003,,10.1021/je034223r
7214,298.15,101.3,Liquid,2,C1COCO1,Solvent,0.785,,CCCCCC(C)=O,Solvent,0.215,,0.9696500000000002,,10.1021/je034223r
7218,308.15,101.0,Liquid,2,COc1ccccc1,Solvent,0.2121,,OCCc1ccccc1,Solvent,0.7879,,1.0032600000000005,,10.1021/je050085p
7219,308.15,101.0,Liquid,2,COc1ccccc1,Solvent,0.5245,,OCCc1ccccc1,Solvent,0.4755,,0.9943600000000002,,10.1021/je050085p
7220,308.15,101.0,Liquid,2,COc1ccccc1,Solvent,0.7673,,OCCc1ccccc1,Solvent,0.2327,,0.9869000000000002,,10.1021/je050085p
7224,308.15,101.0,Liquid,2,COc1ccccc1,Solvent,0.2636,,OCCCc1ccccc1,Solvent,0.7364,,0.9885500000000002,,10.1021/je050085p
7225,308.15,101.0,Liquid,2,COc1ccccc1,Solvent,0.5551,,OCCCc1ccccc1,Solvent,0.4449,,0.9852700000000002,,10.1021/je050085p
7226,308.15,101.0,Liquid,2,COc1ccccc1,Solvent,0.7477,,OCCCc1ccccc1,Solvent,0.2523,,0.9827800000000002,,10.1021/je050085p
7230,308.15,101.0,Liquid,2,CCOc1ccccc1,Solvent,0.0642,,OCc1ccccc1,Solvent,0.9358,,1.02761,,10.1021/je050085p
7231,308.15,101.0,Liquid,2,CCOc1ccccc1,Solvent,0.4598,,OCc1ccccc1,Solvent,0.5402,,0.9925100000000002,,10.1021/je050085p
7232,308.15,101.0,Liquid,2,CCOc1ccccc1,Solvent,0.7572,,OCc1ccccc1,Solvent,0.2428,,0.9686500000000002,,10.1021/je050085p
7236,308.15,101.0,Liquid,2,CCOc1ccccc1,Solvent,0.3041,,OCCc1ccccc1,Solvent,0.6959,,0.9909900000000004,,10.1021/je050085p
7237,308.15,101.0,Liquid,2,CCOc1ccccc1,Solvent,0.4826,,OCCc1ccccc1,Solvent,0.5174,,0.9803700000000002,,10.1021/je050085p
7238,308.15,101.0,Liquid,2,CCOc1ccccc1,Solvent,0.7929,,OCCc1ccccc1,Solvent,0.2071,,0.9624400000000004,,10.1021/je050085p
7242,308.15,101.0,Liquid,2,CCOc1ccccc1,Solvent,0.2164,,OCCCc1ccccc1,Solvent,0.7836,,0.9832000000000004,,10.1021/je050085p
7243,308.15,101.0,Liquid,2,CCOc1ccccc1,Solvent,0.515,,OCCCc1ccccc1,Solvent,0.485,,0.9715100000000002,,10.1021/je050085p
7244,308.15,101.0,Liquid,2,CCOc1ccccc1,Solvent,0.7074,,OCCCc1ccccc1,Solvent,0.2926,,0.9634300000000002,,10.1021/je050085p
7248,308.15,101.0,Liquid,2,COc1ccccc1,Solvent,0.2883,,OCc1ccccc1,Solvent,0.7117,,1.0180000000000002,,10.1021/je050085p
7249,308.15,101.0,Liquid,2,COc1ccccc1,Solvent,0.4911,,OCc1ccccc1,Solvent,0.5089,,1.0069400000000004,,10.1021/je050085p
7250,308.15,101.0,Liquid,2,COc1ccccc1,Solvent,0.7745,,OCc1ccccc1,Solvent,0.2255,,0.9915900000000004,,10.1021/je050085p
7254,298.0,101.0,Liquid,2,CCCCOC(C)=O,Solvent,0.7007,,CCOC(C)=O,Solvent,0.2993,,0.8797000000000003,,10.1021/je400036b
7255,298.0,101.0,Liquid,2,CCCCOC(C)=O,Solvent,0.5018,,CCOC(C)=O,Solvent,0.4982,,0.8829000000000002,,10.1021/je400036b
7256,298.0,101.0,Liquid,2,CCCCOC(C)=O,Solvent,0.2012,,CCOC(C)=O,Solvent,0.7988,,0.8889000000000001,,10.1021/je400036b
7260,298.15,101.0,Liquid,2,CC1(C)C(=O)[C@]2(C)CC[C@H]1C2,Solvent,0.2002,,CCO,Solvent,0.7998,,0.8499000000000002,,10.1016/j.jct.2013.09.024
7261,298.15,101.0,Liquid,2,CC1(C)C(=O)[C@]2(C)CC[C@H]1C2,Solvent,0.5012,,CCO,Solvent,0.4988,,0.9005900000000002,,10.1016/j.jct.2013.09.024
7262,298.15,101.0,Liquid,2,CC1(C)C(=O)[C@]2(C)CC[C@H]1C2,Solvent,0.7897,,CCO,Solvent,0.2103,,0.9274800000000002,,10.1016/j.jct.2013.09.024
7266,298.15,101.3,Liquid,2,C1COCCO1,Solvent,0.2436,,O=C1CCCC1,Solvent,0.7564,,0.9633500000000004,,10.1021/je034037l
7267,298.15,101.3,Liquid,2,C1COCCO1,Solvent,0.5063,,O=C1CCCC1,Solvent,0.4937,,0.9849200000000002,,10.1021/je034037l
7268,298.15,101.3,Liquid,2,C1COCCO1,Solvent,0.7778,,O=C1CCCC1,Solvent,0.2222,,1.0081000000000002,,10.1021/je034037l
7272,298.15,101.3,Liquid,2,C1COCCO1,Solvent,0.2254,,CCCC(C)=O,Solvent,0.7746,,0.8442800000000001,,10.1021/je034037l
7273,298.15,101.3,Liquid,2,C1COCCO1,Solvent,0.5122,,CCCC(C)=O,Solvent,0.4878,,0.90478,,10.1021/je034037l
7274,298.15,101.3,Liquid,2,C1COCCO1,Solvent,0.7823,,CCCC(C)=O,Solvent,0.2177,,0.9692000000000004,,10.1021/je034037l
7278,298.15,101.3,Liquid,2,C1COCCO1,Solvent,0.2203,,CCCCCC(C)=O,Solvent,0.7797,,0.8420800000000003,,10.1021/je034037l
7279,298.15,101.3,Liquid,2,C1COCCO1,Solvent,0.5006,,CCCCCC(C)=O,Solvent,0.4994,,0.8916700000000002,,10.1021/je034037l
7280,298.15,101.3,Liquid,2,C1COCCO1,Solvent,0.7803,,CCCCCC(C)=O,Solvent,0.2197,,0.9576500000000002,,10.1021/je034037l
7284,298.15,101.3,Liquid,2,CCOC(C)(C)C,Solvent,0.217,,Cc1ccccc1,Solvent,0.783,,0.8314450000000002,,10.1016/j.jct.2007.05.005
7285,298.15,101.3,Liquid,2,CCOC(C)(C)C,Solvent,0.505,,Cc1ccccc1,Solvent,0.495,,0.7937390000000002,,10.1016/j.jct.2007.05.005
7286,298.15,101.3,Liquid,2,CCOC(C)(C)C,Solvent,0.701,,Cc1ccccc1,Solvent,0.299,,0.7696300000000001,,10.1016/j.jct.2007.05.005
7290,298.15,101.325,Liquid,2,C1COCCN1,Solvent,0.298,,O,Solvent,0.702,,1.0309000000000004,,10.1021/je020191g
7291,298.15,101.325,Liquid,2,C1COCCN1,Solvent,0.498,,O,Solvent,0.502,,1.0255000000000003,,10.1021/je020191g
7292,298.15,101.325,Liquid,2,C1COCCN1,Solvent,0.793,,O,Solvent,0.207,,1.0057000000000005,,10.1021/je020191g
7296,308.15,101.325,Liquid,2,CC(C)CO,Solvent,0.2793,,CCCCBr,Solvent,0.7207,,1.1339800000000002,,10.1021/je0501235
7297,308.15,101.325,Liquid,2,CC(C)CO,Solvent,0.4989,,CCCCBr,Solvent,0.5011,,1.0366800000000005,,10.1021/je0501235
7298,308.15,101.325,Liquid,2,CC(C)CO,Solvent,0.7937,,CCCCBr,Solvent,0.2063,,0.8962800000000002,,10.1021/je0501235
7302,298.15,101.0,Liquid,2,CCCCO,Solvent,0.7555,,OC1=NCCC1,Solvent,0.2445,,0.8711500000000002,,10.1021/je801006q
7303,298.15,101.0,Liquid,2,CCCCO,Solvent,0.5004,,OC1=NCCC1,Solvent,0.4996,,0.94503,,10.1021/je801006q
7304,298.15,101.0,Liquid,2,CCCCO,Solvent,0.1446,,OC1=NCCC1,Solvent,0.8554,,1.0575900000000005,,10.1021/je801006q
7308,298.15,101.0,Liquid,2,CC(C)CO,Solvent,0.7622,,OC1=NCCC1,Solvent,0.2378,,0.8623100000000001,,10.1021/je801006q
7309,298.15,101.0,Liquid,2,CC(C)CO,Solvent,0.4894,,OC1=NCCC1,Solvent,0.5106,,0.9431100000000002,,10.1021/je801006q
7310,298.15,101.0,Liquid,2,CC(C)CO,Solvent,0.2874,,OC1=NCCC1,Solvent,0.7126,,1.0078300000000002,,10.1021/je801006q
7314,298.15,101.0,Liquid,2,CC(C)(C)O,Solvent,0.7511,,OC1=NCCC1,Solvent,0.2489,,0.8505700000000003,,10.1021/je801006q
7315,298.15,101.0,Liquid,2,CC(C)(C)O,Solvent,0.4997,,OC1=NCCC1,Solvent,0.5003,,0.9282800000000002,,10.1021/je801006q
7316,298.15,101.0,Liquid,2,CC(C)(C)O,Solvent,0.2764,,OC1=NCCC1,Solvent,0.7236,,1.0036300000000002,,10.1021/je801006q
7320,298.15,101.0,Liquid,2,CC1CCCCC1,Solvent,0.2027,,CCCO,Solvent,0.7973,,0.7942000000000002,,10.1016/j.jct.2005.06.011
7321,298.15,101.0,Liquid,2,CC1CCCCC1,Solvent,0.5031,,CCCO,Solvent,0.4969,,0.7785600000000001,,10.1016/j.jct.2005.06.011
7322,298.15,101.0,Liquid,2,CC1CCCCC1,Solvent,0.799,,CCCO,Solvent,0.201,,0.7688300000000002,,10.1016/j.jct.2005.06.011
7326,298.15,101.0,Liquid,2,CCCCCCCCC,Solvent,0.6963,,COC(C)(C)C,Solvent,0.3037,,0.7173600000000002,,10.1021/je700428f
7327,298.15,101.0,Liquid,2,CCCCCCCCC,Solvent,0.4992,,COC(C)(C)C,Solvent,0.5008,,0.7207300000000002,,10.1021/je700428f
7328,298.15,101.0,Liquid,2,CCCCCCCCC,Solvent,0.1995,,COC(C)(C)C,Solvent,0.8005,,0.7281100000000001,,10.1021/je700428f
7332,293.15,100.0,Liquid,2,C=CCCCC,Solvent,0.9,,CCCCO,Solvent,0.1,,0.6818000000000001,,10.1021/je301301j
7333,293.15,100.0,Liquid,2,C=CCCCC,Solvent,0.5018,,CCCCO,Solvent,0.4982,,0.7340000000000002,,10.1021/je301301j
7334,293.15,100.0,Liquid,2,C=CCCCC,Solvent,0.1001,,CCCCO,Solvent,0.8999,,0.7924000000000002,,10.1021/je301301j
7338,298.15,101.0,Liquid,2,C=CCCCC,Solvent,0.7456,,CCCO,Solvent,0.2544,,0.6899770000000002,,10.1021/je100595s
7339,298.15,101.0,Liquid,2,C=CCCCC,Solvent,0.4991,,CCCO,Solvent,0.5009,,0.7176450000000002,,10.1021/je100595s
7340,298.15,101.0,Liquid,2,C=CCCCC,Solvent,0.1503,,CCCO,Solvent,0.8497,,0.7704980000000002,,10.1021/je100595s
